TALLER;VIN;COLOR;"FECHA PLANIFICADA";"FECHA DE INGRESO A FLUJO";"DÍAS TRANSCURRIDOS AL 20-05-2026";MODELO;MARCA;PROCESO;ESTADO;CONCESIONARIO;OBSERVACIONES
"VARI OVALO";9BWCH6CH3TP026409R;"GRIS PIEDRA - NEGRO";2026-05-23;2026-05-19;2;"NIVUS HIGHLINE 200 TSI TIP";"VW Pasajeros";BOCAMAZA;"EN PROCESO";"EUROSHOP S.A. ";"EUROSHOP S.A. - VW San Borja"
"VARI OVALO";3VV9P6B25TM066583;"NEGRO PERLADO";2026-05-23;2026-05-19;2;"TAOS HIGHLINE 250 TSI, 1.4L, 2WD, TIP";"VW Pasajeros";BOCAMAZA;"EN PROCESO";"EUROSHOP S.A. ";"EUROSHOP S.A. - VW Surquillo"
"VARI OVALO";WAUZZZGU1S2106634;"Plata Florett";2026-01-20;2026-01-15;126;"Q5 Sportback TFSI 146 kW S tronic";AUDI;DESPACHO;PENDIENTE;"EUROSHOP S.A. ";"EXHIVBICION AUDI AREQUIPA"
"VARI OVALO";WAUZZZ4M1TD000193P;"Blanco Glaciar";2025-10-25;2025-10-22;211;"Q7 Ambition 55 TFSI quattro Tiptronic";AUDI;DESPACHO;PENDIENTE;"EURO MOTORS S.A. ";"ADELANTO PDI PUERTO"
"VARI OVALO";VSSZZZKP4T1014881;"MORADO VACÍO";2026-03-13;2026-03-10;72;"TERRAMAR LIMITED 1.4 TSI DSG CA7";CUPRA;DESPACHO;PENDIENTE;"EURO MOTORS S.A. ";"ADELANTO DE PDI"
"VARI OVALO";HJRPBGGB0VB031412;"GRIS OSCURO";2026-04-10;2026-04-06;45;"DASHING 1.6T 4X2 7DCT B ACP";JETOUR;DESPACHO;PENDIENTE;"AION S.A.C. ";"VENTA AION 25.03|"
"VARI OVALO";HJRPBGGB7VB031424;ROJO;2026-04-10;2026-04-06;45;"DASHING 1.6T 4X2 7DCT B ACP";JETOUR;DESPACHO;PENDIENTE;"REVO MOTORS S.A. ";"VENTA REVO WH 02/03/2026|"
"VARI OVALO";LVTDB21B6TDB38065;BLANCO;2026-01-14;2026-01-08;133;"T1 1.5T 4X2 7DCT B/O";JETOUR;DESPACHO;PENDIENTE;"Altos Andes S.A. ";"VENTA REVO"
"VARI OVALO";LVTDD24B0TDA96353R;NEGRO;2026-01-31;2026-01-29;112;"T1 2.0T AWD 8AT B/O";JETOUR;DESPACHO;PENDIENTE;"REVO MOTORS S.A. ";"ADELANTO PDI ZI - VENTA REVO"
"VARI OVALO";LVTDB11B9TDB27765;NEGRO;2025-12-26;2025-12-17;155;"X50 1.5L 4X2 5MT CONFORT";JETOUR;DESPACHO;PENDIENTE;"INTERAMERICANA NORTE S.A.C. ";"ADELANTO PDI"
"VARI OVALO";LVTDB11B1TDB38520T;BLANCO;2026-01-27;2026-01-21;120;"X50 1.5L 4X2 5MT CONFORT";JETOUR;DESPACHO;PENDIENTE;"AUTOSHOP PERU S.A.C. ";"VENTA AUTOSHOP"
"VARI OVALO";LVTDB11B1TDB38534T;BLANCO;2026-01-27;2026-01-21;120;"X50 1.5L 4X2 5MT CONFORT";JETOUR;DESPACHO;PENDIENTE;"AUTOSHOP PERU S.A.C. ";"VENTA AUTOSHOP"
"VARI OVALO";LVTDB11BXVDC02721;"BLANCO NEGRO";2026-04-24;2026-04-17;34;"X50 1.5L 4X2 5MT CONFORT";JETOUR;DESPACHO;PENDIENTE;"REVO MOTORS S.A. ";"Destino : ASIATICOS SURQUILLO"
"VARI OVALO";LVTDB21B4VDC01313;NEGRO;2026-02-23;2026-02-16;94;"X50 1.5T 4X2 6DCT LIMITED";JETOUR;DESPACHO;PENDIENTE;"Altos Andes S.A.C. ";"VENTA AION 09/02/2026|"
"VARI OVALO";HJRPBGFA3TF003361;AZUL;2025-10-24;2025-10-14;219;"X70 1,5T MEC 4X2 CONFORT";JETOUR;DESPACHO;PENDIENTE;"Altos Andes S.A.C. ";"VENTA REVO OCT GLP 15/09/2025|"
"VARI OVALO";HJRPBGFA5SF021035;NEGRO;2025-05-12;2025-05-06;380;"X70 1.5T MEC 4X2 CONFORT";JETOUR;DESPACHO;PENDIENTE;"PANDERO S.A. EAFC ";"PANDERO S.A. EAFC"
"VARI OVALO";LVTDB21B9TH014815;NEGRO;2026-01-06;2025-12-26;146;"X70FL 1,5T 6DCT 4X2 LIMITED";JETOUR;DESPACHO;PENDIENTE;"AUTOTAXI SATELITAL S.A.C. ";"ADELANTO PDI GLP"
"VARI OVALO";LVTDB21B9TH014832;AZUL;2025-12-31;2025-12-22;150;"X70FL 1,5T 6DCT 4X2 LIMITED";JETOUR;DESPACHO;PENDIENTE;"AION S.A.C. ";"Destino : ASIATICOS SURQUILLO"
"VARI OVALO";LVTDB11B7TH013432;NEGRO;2025-12-06;2025-11-26;176;"X70FL 1,5T 6MT 4X2 FULL";JETOUR;DESPACHO;PENDIENTE;"Altos Andes S.A.C. ";"VENTA REVO GLP OF 38113 05/11/2025|"
"VARI OVALO";LVTDB11B7VH500813;"GRIS NARDO";2026-04-14;2026-04-07;44;"X70FL 1,5T 6MT 4X2 FULL";JETOUR;DESPACHO;PENDIENTE;"AION S.A.C. ";"VENTA AION WH GLP 12/02/2026|"
"VARI OVALO";LVTDB11B3VH501067;NEGRO;2026-04-21;2026-04-14;37;"X70FL 1,5T 6MT 4X2 FULL";JETOUR;DESPACHO;PENDIENTE;"Altos Andes S.A.C. ";"VENTA AION GLP 16/02/2026|"
"VARI OVALO";LVTDB11B8VH501260;BLANCO;2026-04-20;2026-04-11;40;"X70FL 1,5T 6MT 4X2 FULL";JETOUR;DESPACHO;PENDIENTE;"Altos Andes S.A.C. ";"VENTA CARPIO GLP 17.02|"
"VARI OVALO";LVTDB21B9VH500754;NEGRO;2026-04-24;2026-04-17;34;"X70FL 1.5T 6DCT 4X2 LIMITED";JETOUR;DESPACHO;PENDIENTE;"REVO MOTORS S.A. ";"Destino : ASIATICOS SURQUILLO"
"VARI OVALO";LVTDB11B6TH013163;BLANCO;2025-12-02;2025-11-24;178;"X70FL 1.5T 6MT 4X2 FULL";JETOUR;DESPACHO;PENDIENTE;"Altos Andes S.A.C. ";"VENTA SUR MOTORS GASOLINA 31.10|"
"VARI OVALO";LS4ASL2E8TE158846P;"BLANCO BEIGE";2025-11-15;2025-11-14;188;"NEW V7 1.6 MEC PLUS";KYC;DESPACHO;PENDIENTE;"Altos Andes S.A.C. ";"ADELANTO PDI PUERTO"
"VARI OVALO";LS4ASL2EXTE158847P;"BLANCO BEIGE";2025-11-15;2025-11-14;188;"NEW V7 1.6 MEC PLUS";KYC;DESPACHO;PENDIENTE;"Altos Andes S.A.C. ";"ADELANTO PDI PUERTO"
"VARI OVALO";LS4ASL2E1TE158879P;"AZUL OSCURO";2025-11-15;2025-11-14;188;"NEW V7 1.6 MEC PLUS";KYC;DESPACHO;PENDIENTE;"Altos Andes S.A.C. ";"ADELANTO PDI PUERTO"
"VARI OVALO";LS4ASL2E1TE495147;GRIS;2025-12-04;2025-11-29;173;"NEW V7 1.6 MEC PLUS";KYC;DESPACHO;PENDIENTE;"Altos Andes S.A.C. ";"EXHIBICION IWAGEN"
"VARI OVALO";LSCABN3E8TE144315P;BLANCO;2025-11-07;2025-11-05;197;"NEW X5 1.5 MEC CARGO BOX";KYC;DESPACHO;PENDIENTE;"Altos Andes S.A.C. ";"ADELANTO PDI PUERTO"
"VARI OVALO";LSCABN3E9TE144288P;BLANCO;2025-11-07;2025-11-05;197;"NEW X5 1.5 MEC CARGO BOX";KYC;DESPACHO;PENDIENTE;"Altos Andes S.A.C. ";"ADELANTO PDI PUERTO"
"VARI OVALO";LSCABN3E9TE144291P;BLANCO;2025-11-07;2025-11-05;197;"NEW X5 1.5 MEC CARGO BOX";KYC;DESPACHO;PENDIENTE;"Altos Andes S.A.C. ";"ADELANTO PDI PUERTO"
"VARI OVALO";LSCABN3E9TE144307P;BLANCO;2025-11-07;2025-11-05;197;"NEW X5 1.5 MEC CARGO BOX";KYC;DESPACHO;PENDIENTE;"Altos Andes S.A.C. ";"ADELANTO PDI PUERTO"
"VARI OVALO";"FANTASMA PRUEBA 13000";"COLOR TEST";2025-01-12;2026-01-27;114;"MODELO PRUEBA SAN BARTOLOMÉ";"MARCA PRUEBA";DESPACHO;PENDIENTE;"Prueba S.A.C ";PRUEBA
"VARI OVALO";VSSZZZ5F2T6500028;"BLANCO NEVADA";2025-10-28;2025-10-24;209;"ATECA STYLE 1.4 TSI CA8";SEAT;DESPACHO;PENDIENTE;"EURO MOTORS S.A. ";"EXHIBICION - SEAT SURQUILLO"
"VARI OVALO";LVTDB21B2TD914687;NEGRO;2026-02-09;2026-02-02;108;"S07 1.5T 4X2 6DCT B";SOUEAST;DESPACHO;PENDIENTE;"GACSA PERU S.A.C. ";"VENTA GACSA"
"VARI OVALO";LVTDB21B2VDA03720;BLANCO;2026-03-31;2026-03-25;57;"S07 1.5T 4X2 6DCT B";SOUEAST;DESPACHO;PENDIENTE;"GACSA PERU S.A.C. ";"GACSA PERU S.A.C."
"VARI OVALO";KPAXA1EESRP214725;"BEIGE ARENA";2024-05-22;2024-05-16;735;"NEW MUSSO AUT 2.2D 4X4";SSANGYONG;DESPACHO;PENDIENTE;"Altos Andes S.A.C. ";"ADELANTO PDI"
"VARI OVALO";9BWCH6CH3TP007570T;"ROJO SUNSET";2026-02-21;2026-02-18;92;"NIVUS COMFORTLINE 170 TSI MEC";"VW Pasajeros";DESPACHO;PENDIENTE;"EURO MOTORS S.A. ";"ADELANTO PDI TR."
"VARI OVALO";9BWJL45U4TP040677;"BLANCO CRISTAL";2026-04-18;2026-04-15;36;"SAVEIRO EXTREME CD 1.6 MEC";"VW Pasajeros";DESPACHO;PENDIENTE;"EUROSHOP S.A. ";"EUROSHOP S.A. - VW Surquillo"
"VARI OVALO";9BWBH6BF6S4012192;"PLATA LUNA";2025-02-25;2025-02-21;454;"T-CROSS COMFORTLINE 170 TSI MEC";"VW Pasajeros";DESPACHO;PENDIENTE;"EURO MOTORS S.A. ";"adelanto PDI"
"VARI OVALO";9BWBH6BF6S4021961;"NEGRO NINJA";2025-04-23;2025-04-19;397;"T-CROSS COMFORTLINE 170 TSI MEC";"VW Pasajeros";DESPACHO;PENDIENTE;"EURO MOTORS S.A. ";"adelanto pdi"
"VARI OVALO";9BWBH6BF2T4012224P;"PLATA LUNA";2025-08-15;2025-08-14;280;"T-CROSS COMFORTLINE 170 TSI MEC";"VW Pasajeros";DESPACHO;PENDIENTE;"EURO MOTOS S.A. ";"ADELANTO PDI PUERTO"
"VARI OVALO";9BWBH6BF7T4090286;"BLANCO PURO";2026-03-31;2026-03-26;56;"T-CROSS COMFORTLINE 200 TSI TIP";"VW Pasajeros";DESPACHO;PENDIENTE;"SUR MOTORS S A ";"SUR MOTORS S A - SUR MOTORS AREQUIPA"
"VARI OVALO";9BWBH6BF9T4090564;"NEGRO NINJA";2026-04-15;2026-04-11;40;"T-CROSS COMFORTLINE 200 TSI TIP";"VW Pasajeros";DESPACHO;PENDIENTE;"EURO MOTORS S.A. ";"ADELANTO DE PDI"
"VARI OVALO";3VVHP6B24TM016253;"GRIS PLATINO";2025-12-11;2025-12-03;169;"TAOS COMFORTLINE 250 TSI, 1.4L, 2WD, TIP";"VW Pasajeros";DESPACHO;PENDIENTE;"EURO MOTORS S.A. ";"EXH ESSA SURQUILLO"
"VARI OVALO";9BWBH6DF6TT331841R;"NEGRO NINJA";2026-01-13;2026-01-09;132;"TERA HIGH 165 TSI 1.0L TIP";"VW Pasajeros";DESPACHO;PENDIENTE;"EUROSHOP S.A. ";"ADELANTO PDI ZI - VENTA SAN BORJA"
"VARI OVALO";9BWBL6DF3TT347364;"GRIS PLATINO";2025-12-08;2025-12-02;170;"TERA TREND 160 MSI 1.6L MEC";"VW Pasajeros";DESPACHO;PENDIENTE;"EUROSHOP S.A. ";"EUROSHOP S.A. - VW San Miguel- VENTA CON GLP"
"VARI OVALO";3VVLP6RM9TM011518;"GRIS PLATINO";2025-12-24;2025-12-24;148;"TIGUAN LIFE 250TSI, 1.4L, 2WD";"VW Pasajeros";DESPACHO;PENDIENTE;"EUROSHOP S.A. ";"EUROSHOP S.A. - VW La Molina- ENVIAR SIN PDI"
"VARI OVALO";3VVDP6RM7TM044005T;"VERDE AVOCADO";2026-02-24;2026-02-20;90;"TIGUAN LIFE 250TSI, 1.4L, 2WD";"VW Pasajeros";DESPACHO;PENDIENTE;"PERUMOTOR H.G. S.A.C. ";"PERUMOTOR H.G. S.A.C. TR."
"VARI OVALO";3VVDP6RM5TM036792R;"NEGRO PERLADO";2026-04-25;2026-04-25;26;"TIGUAN LIFE 250TSI, 1.4L, 2WD";"VW Pasajeros";DESPACHO;PENDIENTE;"EUROSHOP S.A. ";"ADELANTO PDI ZI - EUROSHOP S.A. - VW Surquillo- ENTREGAR SIN PDI"
"VARI OVALO";HJRPBGFA8SF020820P;NEGRO;2025-06-27;2025-06-24;331;"X70 1.5T MEC 4X2 DLX";JETOUR;EQUIPAMIENTO;"EN PROCESO";"ALTOS ANDES S.A.C. ";"UNIDAD PASA LAVADO Y RECEPCIÓN"
"VARI OVALO";LVTDB11B0VH503083;NEGRO;2026-05-28;2026-05-20;1;"X70FL 1,5T 6MT 4X2 FULL";JETOUR;GLP;"EN PROCESO";"AION S.A.C. ";"VENTA AION GLP 27.03|"
"VARI OVALO";LVTDB11B1VH503139;AZUL;2026-05-28;2026-05-20;1;"X70FL 1,5T 6MT 4X2 FULL";JETOUR;GLP;"EN PROCESO";"SUR MOTORS S.A. ";"VENTA SUR MOTORS GLP 22.04|"
"VARI OVALO";LVTDB11B1VH503223;AZUL;2026-05-28;2026-05-20;1;"X70FL 1,5T 6MT 4X2 FULL";JETOUR;GLP;"EN PROCESO";"GACSA PERU S.A.C. ";"VENTA GACSA GLP 27.03|"
"VARI OVALO";LVTDB11B2VH503084;NEGRO;2026-05-22;2026-05-15;6;"X70FL 1,5T 6MT 4X2 FULL";JETOUR;GLP;"EN PROCESO";"GACSA PERU S.A.C. ";"VENTA GACSA GLP 27.03|"
"VARI OVALO";LVTDB11B2VH503148;AZUL;2026-05-28;2026-05-20;1;"X70FL 1,5T 6MT 4X2 FULL";JETOUR;GLP;"EN PROCESO";"GACSA PERU S.A.C. ";"VENTA GACSA GLP 27.03|"
"VARI OVALO";LVTDB11B3VH503160;AZUL;2026-05-28;2026-05-20;1;"X70FL 1,5T 6MT 4X2 FULL";JETOUR;GLP;"EN PROCESO";"IAAUTOS S.A.C. ";"VENTA IA GLP 27.03|"
"VARI OVALO";LVTDB11B3VH503188;AZUL;2026-05-28;2026-05-20;1;"X70FL 1,5T 6MT 4X2 FULL";JETOUR;GLP;"EN PROCESO";"INTER. NORTE S.A.C. ";"VENTA INTER NORTE V GLP 04.04|"
"VARI OVALO";LVTDB11B4VH503152;AZUL;2026-05-28;2026-05-20;1;"X70FL 1,5T 6MT 4X2 FULL";JETOUR;GLP;"EN PROCESO";"INTER. TRUJILLO S.A. ";"VENTA INTER TRUJILLO V GLP 04.04|"
"VARI OVALO";LVTDB11B5VH502737;"GRIS NARDO";2026-05-27;2026-05-19;2;"X70FL 1,5T 6MT 4X2 FULL";JETOUR;GLP;"EN PROCESO";"REVO MOTORS S.A. ";"VENTA REVO WH GLP 27.03||"
"VARI OVALO";LVTDB11B5VH502768;"GRIS NARDO";2026-05-22;2026-05-15;6;"X70FL 1,5T 6MT 4X2 FULL";JETOUR;GLP;"EN PROCESO";"REVO MOTORS S.A. ";"VENTA REVO WH GLP 27.03|"
"VARI OVALO";LVTDB11B5VH502883;BLANCO;2026-05-22;2026-05-15;6;"X70FL 1,5T 6MT 4X2 FULL";JETOUR;GLP;"EN PROCESO";"REVO MOTORS S.A. ";"VENTA REVO WH GLP 27.03|"
"VARI OVALO";LVTDB11B6VH502701;"GRIS NARDO";2026-05-26;2026-05-16;5;"X70FL 1,5T 6MT 4X2 FULL";JETOUR;GLP;"EN PROCESO";"REVO MOTORS S.A. ";"VENTA REVO WH GLP 27.03|"
"VARI OVALO";LVTDB11B6VH502732;"GRIS NARDO";2026-05-26;2026-05-19;2;"X70FL 1,5T 6MT 4X2 FULL";JETOUR;GLP;"EN PROCESO";"REVO MOTORS S.A. ";"VENTA REVO WH GLP 27.03|"
"VARI OVALO";LVTDB11B6VH503203;AZUL;2026-05-26;2026-05-19;2;"X70FL 1,5T 6MT 4X2 FULL";JETOUR;GLP;"EN PROCESO";"REVO MOTORS S.A. ";"VENTA REVO WH GLP 27.03|"
"VARI OVALO";LVTDB11B6VH503217;AZUL;2026-05-26;2026-05-19;2;"X70FL 1,5T 6MT 4X2 FULL";JETOUR;GLP;"EN PROCESO";"REVO MOTORS S.A. ";"VENTA REVO WH GLP 27.03|"
"VARI OVALO";LVTDB11B6VH503220;AZUL;2026-05-26;2026-05-19;2;"X70FL 1,5T 6MT 4X2 FULL";JETOUR;GLP;"EN PROCESO";"REVO MOTORS S.A. ";"VENTA REVO WH GLP 27.03|"
"VARI OVALO";LVTDB11B7VH502674;"GRIS NARDO";2026-05-26;2026-05-19;2;"X70FL 1,5T 6MT 4X2 FULL";JETOUR;GLP;"EN PROCESO";"REVO MOTORS S.A. ";"VENTA REVO WH GLP 27.03|"
"VARI OVALO";LVTDB11B7VH502707;"GRIS NARDO";2026-05-26;2026-05-19;2;"X70FL 1,5T 6MT 4X2 FULL";JETOUR;GLP;"EN PROCESO";"REVO MOTORS S.A. ";"VENTA REVO WH GLP 27.03|"
"VARI OVALO";LVTDB11B7VH502903;BLANCO;2026-05-28;2026-05-20;1;"X70FL 1,5T 6MT 4X2 FULL";JETOUR;GLP;"EN PROCESO";"REVO MOTORS S.A. ";"VENTA REVO WH GLP MAYO 28.03|"
"VARI OVALO";LVTDB11B7VH503100;NEGRO;2026-05-26;2026-05-16;5;"X70FL 1,5T 6MT 4X2 FULL";JETOUR;GLP;"EN PROCESO";"REVO MOTORS S.A. ";"VENTA REVO WH GLP 27.03|"
"VARI OVALO";LVTDB11B7VH503128;NEGRO;2026-05-26;2026-05-16;5;"X70FL 1,5T 6MT 4X2 FULL";JETOUR;GLP;"EN PROCESO";"REVO MOTORS S.A. ";"VENTA REVO WH GLP 27.03|"
"VARI OVALO";LVTDB11B7VH503131;NEGRO;2026-05-26;2026-05-16;5;"X70FL 1,5T 6MT 4X2 FULL";JETOUR;GLP;"EN PROCESO";"REVO MOTORS S.A. ";"VENTA REVO WH GLP 27.03|"
"VARI OVALO";LVTDB11B7VH503162;AZUL;2026-05-28;2026-05-20;1;"X70FL 1,5T 6MT 4X2 FULL";JETOUR;GLP;"EN PROCESO";"REVO MOTORS S.A. ";"VENTA REVO WH GLP 27.03|"
"VARI OVALO";LVTDB11B7VH503176;AZUL;2026-05-28;2026-05-20;1;"X70FL 1,5T 6MT 4X2 FULL";JETOUR;GLP;"EN PROCESO";"REVO MOTORS S.A. ";"VENTA REVO WH GLP 27.03|"
"VARI OVALO";LVTDB11B8VH502604;BLANCO;2026-05-27;2026-05-19;2;"X70FL 1,5T 6MT 4X2 FULL";JETOUR;GLP;"EN PROCESO";"REVO MOTORS S.A. ";"VENTA REVO WH GLP MAYO 28.03|"
"VARI OVALO";LVTDB11B8VH502747;"GRIS NARDO";2026-05-28;2026-05-20;1;"X70FL 1,5T 6MT 4X2 FULL";JETOUR;GLP;"EN PROCESO";"REVO MOTORS S.A. ";"VENTA REVO WH GLP MAYO 28.03|"
"VARI OVALO";LVTDB11B8VH502750;"GRIS NARDO";2026-05-27;2026-05-19;2;"X70FL 1,5T 6MT 4X2 FULL";JETOUR;GLP;"EN PROCESO";"REVO MOTORS S.A. ";"VENTA REVO WH GLP MAYO 28.03|"
"VARI OVALO";LVTDB11B8VH503039;NEGRO;2026-05-27;2026-05-19;2;"X70FL 1,5T 6MT 4X2 FULL";JETOUR;GLP;"EN PROCESO";"REVO MOTORS S.A. ";"VENTA REVO WH GLP 27.03|"
"VARI OVALO";LVTDB11B9VH502675;"GRIS NARDO";2026-05-27;2026-05-19;2;"X70FL 1,5T 6MT 4X2 FULL";JETOUR;GLP;"EN PROCESO";"REVO MOTORS S.A. ";"VENTA REVO WH GLP MAYO 28.03|"
"VARI OVALO";LVTDB11B9VH503065;NEGRO;2026-05-28;2026-05-20;1;"X70FL 1,5T 6MT 4X2 FULL";JETOUR;GLP;"EN PROCESO";"REVO MOTORS S.A. ";"VENTA REVO WH GLP 27.03|"
"VARI OVALO";LVTDB11B9VH503163;AZUL;2026-05-27;2026-05-19;2;"X70FL 1,5T 6MT 4X2 FULL";JETOUR;GLP;"EN PROCESO";"REVO MOTORS S.A. ";"VENTA REVO WH GLP MAYO 28.03|"
"VARI OVALO";LVTDB11BXVH502586;BLANCO;2026-05-27;2026-05-19;2;"X70FL 1,5T 6MT 4X2 FULL";JETOUR;GLP;"EN PROCESO";"AUTOTAXI SATELITAL S.A.C. ";"VENTA SATELITAL GLP 27.03|"
"VARI OVALO";LVTDB11BXVH502751;"GRIS NARDO";2026-05-27;2026-05-19;2;"X70FL 1,5T 6MT 4X2 FULL";JETOUR;GLP;"EN PROCESO";"AUTOTAXI SATELITAL S.A.C. ";"VENTA SATELITAL GLP 27.03|"
"VARI OVALO";LVTDB11BXVH503060;NEGRO;2026-05-27;2026-05-19;2;"X70FL 1,5T 6MT 4X2 FULL";JETOUR;GLP;"EN PROCESO";"AUTOTAXI SATELITAL S.A.C. ";"VENTA SATELITAL GLP 27.03|"
"VARI OVALO";LVTDB11BXVH503091;NEGRO;2026-05-27;2026-05-19;2;"X70FL 1,5T 6MT 4X2 FULL";JETOUR;GLP;"EN PROCESO";"AUTOTAXI SATELITAL S.A.C. ";"VENTA SATELITAL GLP 27.03|"
"VARI OVALO";LVTDB11BXVH503172;AZUL;2026-05-27;2026-05-19;2;"X70FL 1,5T 6MT 4X2 FULL";JETOUR;GLP;"EN PROCESO";"AUTOTAXI SATELITAL S.A.C. ";"VENTA SATELITAL GLP 27.03|"
"VARI OVALO";LVTDB11BXVH503186;AZUL;2026-05-27;2026-05-19;2;"X70FL 1,5T 6MT 4X2 FULL";JETOUR;GLP;"EN PROCESO";"AUTOTAXI SATELITAL S.A.C. ";"VENTA SATELITAL GLP 27.03|"
"VARI OVALO";LVTDB11BXVH503219;AZUL;2026-05-27;2026-05-19;2;"X70FL 1,5T 6MT 4X2 FULL";JETOUR;GLP;"EN PROCESO";"AUTOTAXI SATELITAL S.A.C. ";"VENTA SATELITAL GLP 27.03|"
"VARI OVALO";LVTDB21BXTDB49022;AZUL;2026-02-13;2026-02-09;101;"T1 1.5T 4X2 7DCT B/O";JETOUR;LAVADO;"EN PROCESO";"Altos Andes S.A.C. ";"VENTA INTER TRUJILLO"
"VARI OVALO";LVTDD24B7VDC05149;"NEGRO MATE";2026-05-29;2026-05-20;1;"TRAVELLER T2 2.0T AWD 7DCT LIMITED B/R";JETOUR;LAVADO;"EN PROCESO";"AION S.A.C. ";"VENTA AION 14.04|"
"VARI OVALO";LVTDB11B4VH503071;NEGRO;2026-05-21;2026-05-14;7;"X70FL 1,5T 6MT 4X2 FULL";JETOUR;LAVADO;"EN PROCESO";"INTER. TRUJILLO S.A. ";"VENTA INTER TRUJILLO GLP 06.04||"
"VARI OVALO";LVTDB11B6VH503184;AZUL;2026-05-26;2026-05-19;2;"X70FL 1,5T 6MT 4X2 FULL";JETOUR;LAVADO;"EN PROCESO";"REVO MOTORS S.A. ";"VENTA REVO WH GLP 27.03|"
"VARI OVALO";WAUZZZF38R1008404R;"Rojo Progresivo";2024-05-06;2024-04-30;751;"Q3 Sportback S line 40 TFSI quattro S tronic";AUDI;"LISTOS - REVISADO";PENDIENTE;"PERUMOTOR H.G. S.A.C. ";"VENTA PERUMOTORS"
"VARI OVALO";WAUZZZFY8S2061521P;"Plata Florett";2025-05-06;2025-05-03;383;"Q5 Attraction 45 TFSI quattro S tronic";AUDI;"LISTOS - REVISADO";PENDIENTE;"EURO MOTORS S.A. ";"SOLO PASA LAVADO Y RECEPCION"
"VARI OVALO";WAUZZZGU2T2019570;"Negro Mythos";2026-05-20;2026-05-19;2;"Q5 Signature TFSI quattro 200 kW S tronic";AUDI;"LISTOS - REVISADO";PENDIENTE;"EURO MOTORS S.A. ";"EXHIBICION -Enviar a Ronex el 21/0"
"VARI OVALO";WAUZZZ4M8RD014925T;"Plata Satélite";2025-01-17;2025-01-14;492;"Q7 Ambition 55 TFSI quattro Tiptronic";AUDI;"LISTOS - REVISADO";PENDIENTE;"EURO MOTORS S.A. ";"DEJAR EN VARI. TR."
"VARI OVALO";LMXA14AG5SZ351807;PLATA;2024-12-14;2024-12-10;527;"K60 DELUXE 1.5 5MT";Dongfeng;"LISTOS - REVISADO";PENDIENTE;"DONGFENG ";DONGFENG
"VARI OVALO";LJNTGUC39SN416084;PLATA;2024-12-13;2024-12-10;527;"RICH 6 4X4 MT (MECANICA)";Dongfeng;"LISTOS - REVISADO";PENDIENTE;;DONGFENG
"VARI OVALO";LGG8E2D17SZ350147;BLANCO;2024-12-12;2024-12-07;530;"SX6 1.6L MT LUXURY 223";Dongfeng;"LISTOS - REVISADO";PENDIENTE;;DONGFENG
"VARI OVALO";LGG8E2D19SZ350148;BLANCO;2024-12-12;2024-12-07;530;"SX6 223 CUERO";Dongfeng;"LISTOS - REVISADO";PENDIENTE;;DONGFENG
"VARI OVALO";HJRPBGFA1RB164176T;"GRIS NARDO";2024-05-08;2024-05-03;748;"DASHING 1.5T 4X2 6MT B/R";JETOUR;"LISTOS - REVISADO";PENDIENTE;;"VENTA REVO MOTORS S.A. - RM Mall Plaza Norte. TR."
"VARI OVALO";LVTDB21B2VDC05554;PLATA;2026-05-18;2026-05-12;9;"T1 1.5T 4X2 7DCT B/O";JETOUR;LISTOS;PENDIENTE;"AUTOC. DEL CENTRO S.A.C ";"VENTA AUTOCAMIONES 07.04|"
"VARI OVALO";LVTDB21B9VDC08080;PLATA;2026-05-20;2026-05-14;7;"T1 1.5T 4X2 7DCT B/O";JETOUR;"LISTOS - REVISADO";PENDIENTE;"AION S.A.C. ";"VENTA AION 13.04|"
"VARI OVALO";LVTDB21B1VDC05545;BLANCO;2026-05-20;2026-05-14;7;"T1 1.5T 4X2 7DCT B/W";JETOUR;"LISTOS - REVISADO";PENDIENTE;"Altos Andes S.A.C. ";"REVO WHOLESALE MAYO|"
"VARI OVALO";LVTDB21B1VDC05562;VERDE;2026-05-20;2026-05-14;7;"T1 1.5T 4X2 7DCT B/W";JETOUR;"LISTOS - REVISADO";PENDIENTE;"Altos Andes S.A.C. ";"REVO WHOLESALE MAYO|COLOR MATE|"
"VARI OVALO";LVTDB21BXVDC05561;VERDE;2026-05-20;2026-05-14;7;"T1 1.5T 4X2 7DCT B/W";JETOUR;"LISTOS - REVISADO";PENDIENTE;"Altos Andes S.A.C. ";"REVO WHOLESALE MAYO|COLOR MATE|"
"VARI OVALO";LVTDD24B1VDC05602;"NEGRO MATE";2026-05-20;2026-05-14;7;"T1 2.0T AWD 8AT B/O";JETOUR;"LISTOS - REVISADO";PENDIENTE;"AION S.A.C. ";"VENTA AION 11,04|"
"VARI OVALO";LVTDD24B4VDC05612;DORADO;2026-05-21;2026-05-15;6;"T1 2.0T AWD 8AT B/O";JETOUR;"LISTOS - REVISADO";PENDIENTE;"REVO MOTORS S.A. ";"VENTA REVO CL 45295 13.04|"
"VARI OVALO";LVTDD24B8VDC05614;DORADO;2026-05-20;2026-05-14;7;"T1 2.0T AWD 8AT B/O";JETOUR;"LISTOS - REVISADO";PENDIENTE;"AION S.A.C. ";"VENTA AION 18.04|"
"VARI OVALO";LVTDD24B0VDC08085;GRIS;2026-05-20;2026-05-19;2;"T1 2.0T AWD 8AT B/O";JETOUR;"LISTOS - REVISADO";PENDIENTE;"REVO MOTORS S.A. ";"VENTA REVO M 28.04| PDI EXPRESS"
"VARI OVALO";LVTDD24B6VDC08107;NEGRO;2026-05-19;2026-05-13;8;"T1 2.0T AWD 8AT B/O";JETOUR;"LISTOS - REVISADO";PENDIENTE;"IWAGEN S.A.C. ";"VENTA IWAGEN 28.04|"
"VARI OVALO";LVTDD24B2VDC05141;GRIS;2026-05-21;2026-05-15;6;"TRAVELLER T2 2.0T AWD 7DCT LIMITED B/R";JETOUR;"LISTOS - REVISADO";PENDIENTE;"REVO MOTORS S.A. ";"VENTA REVO WH 14.04|COLOR MATE|"
"VARI OVALO";LVTDD24B3VDC05133;PLATA;2026-05-21;2026-05-15;6;"TRAVELLER T2 2.0T AWD 7DCT LIMITED B/R";JETOUR;"LISTOS - REVISADO";PENDIENTE;"REVO MOTORS S.A. ";"VENTA REVO WH 14.04|"
"VARI OVALO";LVTDD24B5VDC05134;GRIS;2026-05-21;2026-05-15;6;"TRAVELLER T2 2.0T AWD 7DCT LIMITED B/R";JETOUR;"LISTOS - REVISADO";PENDIENTE;"REVO MOTORS S.A. ";"VENTA REVO WH 14.04|COLOR MATE|"
"VARI OVALO";LVTDD24B5VDC05151;"NEGRO MATE";2026-05-20;2026-05-14;7;"TRAVELLER T2 2.0T AWD 7DCT LIMITED B/R";JETOUR;LISTOS;PENDIENTE;"AION S.A.C. ";"VENTA AION 14.04|"
"VARI OVALO";LVTDD24B7VDC05121;BLANCO;2026-05-20;2026-05-14;7;"TRAVELLER T2 2.0T AWD 7DCT LIMITED B/R";JETOUR;"LISTOS - REVISADO";PENDIENTE;"AION S.A.C. ";"VENTA AION 14.04|"
"VARI OVALO";LVTDD24B8VDC05130;PLATA;2026-05-21;2026-05-15;6;"TRAVELLER T2 2.0T AWD 7DCT LIMITED B/R";JETOUR;"LISTOS - REVISADO";PENDIENTE;"REVO MOTORS S.A. ";"VENTA REVO WH 14.04|"
"VARI OVALO";LVTDD24BXVDC05128;PLATA;2026-05-20;2026-05-14;7;"TRAVELLER T2 2.0T AWD 7DCT LIMITED B/R";JETOUR;"LISTOS - REVISADO";PENDIENTE;"AION S.A.C. ";"VENTA AION 14.04|"
"VARI OVALO";LVTDD24B2VDC07651;GRIS;2026-05-21;2026-05-15;6;"TRAVELLER T2 2.0T AWD 7DCT LIMITED B/R";JETOUR;"LISTOS - REVISADO";PENDIENTE;"REVO MOTORS S.A. ";"VENTA REVO WH 14.04|COLOR MATE|"
"VARI OVALO";LVTDD24B5VDC07661;VERDE;2026-05-21;2026-05-15;6;"TRAVELLER T2 2.0T AWD 7DCT LIMITED B/R";JETOUR;"LISTOS - REVISADO";PENDIENTE;"REVO MOTORS S.A. ";"VENTA REVO CL 20.04|COLOR MATE|"
"VARI OVALO";LVTDD24B7VDC07659;GRIS;2026-05-21;2026-05-15;6;"TRAVELLER T2 2.0T AWD 7DCT LIMITED B/R";JETOUR;"LISTOS - REVISADO";PENDIENTE;"REVO MOTORS S.A. ";"VENTA REVO WH 14.04|COLOR MATE|"
"VARI OVALO";LVTDB11BXVDC02329;BLANCO;2026-04-22;2026-04-15;36;"X50 1.5L 4X2 5MT CONFORT";JETOUR;"LISTOS - REVISADO";PENDIENTE;"AION S.A.C. ";"VENTA AION"
"VARI OVALO";LVTDB11B6VDC05342;"GRIS OSCURO";2026-05-09;2026-05-04;17;"X50 1.5L 4X2 5MT CONFORT";JETOUR;LISTOS;PENDIENTE;"AUTOS DEL SUR S.A.C. ";"VENTA AUTOS DEL SUR"
"VARI OVALO";LVTDB11B7VDC05267;NEGRO;2026-05-11;2026-05-05;16;"X50 1.5L 4X2 5MT CONFORT";JETOUR;"LISTOS - REVISADO";PENDIENTE;"SUR MOTORS S.A. ";"VENTA SUR MOTORS"
"VARI OVALO";LVTDB11BXVDC05263;NEGRO;2026-05-09;2026-05-04;17;"X50 1.5L 4X2 5MT CONFORT";JETOUR;"LISTOS - REVISADO";PENDIENTE;"INTERAMERICANA NORTE S.A.C. ";"VENTA INTER NORTE"
"VARI OVALO";LVTDB21B8VDC02643;"GRIS OSCURO";2026-04-20;2026-04-13;38;"X50 1.5T 4X2 6DCT LIMITED";JETOUR;"LISTOS - REVISADO";PENDIENTE;"Altos Andes S.A.C. ";"VENTA GACSA 26/02/2026|"
"VARI OVALO";LVTDB21BXVDC02630;PLATA;2026-04-17;2026-04-11;40;"X50 1.5T 4X2 6DCT LIMITED";JETOUR;"LISTOS - REVISADO";PENDIENTE;"Altos Andes S.A.C. ";"VENTA AION WH 03/03/2026|"
"VARI OVALO";LVTDB21B0VDC05472;"GRIS OSCURO";2026-05-08;2026-05-04;17;"X50 1.5T 4X2 6DCT LIMITED";JETOUR;LISTOS;PENDIENTE;"GACSA PERU S.A.C. ";"VENTA GACSA"
"VARI OVALO";LVTDB21B1VDC05366;NEGRO;2026-05-08;2026-05-04;17;"X50 1.5T 4X2 6DCT LIMITED";JETOUR;LISTOS;PENDIENTE;"AION S.A.C. ";"VENTA AION"
"VARI OVALO";LVTDB21B6VDC05475;"GRIS OSCURO";2026-05-08;2026-05-04;17;"X50 1.5T 4X2 6DCT LIMITED";JETOUR;"LISTOS - REVISADO";PENDIENTE;"AION S.A.C. ";"VENTA AION"
"VARI OVALO";LVTDB21B8VDC05476;"GRIS OSCURO";2026-05-07;2026-05-02;19;"X50 1.5T 4X2 6DCT LIMITED";JETOUR;"LISTOS - REVISADO";PENDIENTE;"IAAUTOS S.A.C. ";"VENTA IAAUTOS"
"VARI OVALO";HJRPBGFA5TF002194;AZUL;2025-08-29;2025-08-21;273;"X70 1,5T MEC 4X2 CONFORT";JETOUR;"LISTOS - REVISADO";PENDIENTE;"Altos Andes S.A.C. ";"VENTA LIMAWAGEN GLP 14/07/2025|"
"VARI OVALO";HJRPBGFA5TF002163;AZUL;2025-08-30;2025-08-21;273;"X70 1,5T MEC 4X2 CONFORT";JETOUR;LISTOS;PENDIENTE;"Altos Andes S.A.C. ";"VENTA GACSA GLP 14/07/2025|"
"VARI OVALO";HJRPBGFA5TF002177;AZUL;2025-08-30;2025-08-21;273;"X70 1,5T MEC 4X2 CONFORT";JETOUR;"LISTOS - REVISADO";PENDIENTE;"Altos Andes S.A.C. ";"VENTA GACSA GLP 14/07/2025|"
"VARI OVALO";HJRPBGFA1TF002385;AZUL;2025-08-29;2025-08-21;273;"X70 1,5T MEC 4X2 DLX";JETOUR;"LISTOS - REVISADO";PENDIENTE;"Altos Andes S.A.C. ";"VENTA GACSA GLP 15/07/2025|"
"VARI OVALO";HJRPBGFA7SF021103;NEGRO;2025-05-19;2025-05-14;372;"X70 1.5T MEC 4X2 CONFORT";JETOUR;"LISTOS - REVISADO";PENDIENTE;"INTERAMERICANA NORTE S.A.C. ";"VENTA INTER NORTE"
"VARI OVALO";HJRPBGFA1SF017399P;BLANCO;2025-04-24;2025-04-04;412;"X70 1.5T MEC 4X2 DLX";JETOUR;"LISTOS - REVISADO";PENDIENTE;"Altos Andes S.A.C.";"ADELANTO PDI"
"VARI OVALO";HJRPBGFA1SF017404P;BLANCO;2025-04-24;2025-04-04;412;"X70 1.5T MEC 4X2 DLX";JETOUR;"LISTOS - REVISADO";PENDIENTE;"Altos Andes S.A.C.";"ADELANTO PDI"
"VARI OVALO";HJRPBGFA9SF020812P;NEGRO;2025-07-02;2025-06-24;331;"X70 1.5T MEC 4X2 DLX";JETOUR;"LISTOS - REVISADO";PENDIENTE;"Altos Andes S.A.C.";"ADELANTO PDI PUERTO"
"VARI OVALO";HJRPBGGB8TF002763P;BLANCO;2025-10-25;2025-10-22;211;"X70 PLUS 1.6T 4X2 7DCT AC 6AB";JETOUR;"LISTOS - REVISADO";PENDIENTE;"ALTOS ANDES S.A.C. ";"ADELANTO PDI PUERTO"
"VARI OVALO";LVTDB21B0VH501839;AZUL;2026-05-18;2026-05-11;10;"X70FL 1,5T 6DCT 4X2 LIMITED";JETOUR;LISTOS;PENDIENTE;"Altos Andes S.A.C. ";"VENTA PLANETA GLP 19.03|"
"VARI OVALO";LVTDB21B2VH502183;"GRIS NARDO";2026-05-16;2026-05-09;12;"X70FL 1,5T 6DCT 4X2 LIMITED";JETOUR;LISTOS;PENDIENTE;"Altos Andes S.A.C. ";"VENTA REVO WH GLP 19.03|"
"VARI OVALO";LVTDB21B5VH501822;BLANCO;2026-05-18;2026-05-11;10;"X70FL 1,5T 6DCT 4X2 LIMITED";JETOUR;"LISTOS - REVISADO";PENDIENTE;"Altos Andes S.A.C. ";"VENTA REVO WH GLP ABR 20.03|"
"VARI OVALO";LVTDB21B6VH501814;BLANCO;2026-05-18;2026-05-11;10;"X70FL 1,5T 6DCT 4X2 LIMITED";JETOUR;"LISTOS - REVISADO";PENDIENTE;"Altos Andes S.A.C. ";"VENTA REVO WH GLP ABR 20.03|"
"VARI OVALO";LVTDB21B8VH501829;AZUL;2026-05-14;2026-05-07;14;"X70FL 1,5T 6DCT 4X2 LIMITED";JETOUR;LISTOS;PENDIENTE;"Altos Andes S.A.C. ";"VENTA REVO WH ABR GLP 20.03|"
"VARI OVALO";LVTDB21B8VH501832;AZUL;2026-05-18;2026-05-11;10;"X70FL 1,5T 6DCT 4X2 LIMITED";JETOUR;"LISTOS - REVISADO";PENDIENTE;"Altos Andes S.A.C. ";"VENTA REVO WH GLP ABR 20.03|"
"VARI OVALO";LVTDB21B9VH501807;BLANCO;2026-05-18;2026-05-11;10;"X70FL 1,5T 6DCT 4X2 LIMITED";JETOUR;"LISTOS - REVISADO";PENDIENTE;"Altos Andes S.A.C. ";"VENTA REVO WH GLP ABR 20.03|"
"VARI OVALO";LVTDB21B9VH501838;AZUL;2026-05-18;2026-05-11;10;"X70FL 1,5T 6DCT 4X2 LIMITED";JETOUR;LISTOS;PENDIENTE;"Altos Andes S.A.C. ";"VENTA REVO WH GLP ABR 20.03|"
"VARI OVALO";LVTDB21BXVH502187;"GRIS NARDO";2026-05-18;2026-05-11;10;"X70FL 1,5T 6DCT 4X2 LIMITED";JETOUR;"LISTOS - REVISADO";PENDIENTE;"Altos Andes S.A.C. ";"VENTA REVO WH GLP ABR 20.03|"
"VARI OVALO";LVTDB11BXVH502152;AZUL;2026-05-18;2026-05-11;10;"X70FL 1,5T 6MT 4X2 DELUXE";JETOUR;LISTOS;PENDIENTE;"Altos Andes S.A.C. ";"VENTA REVO WH GLP ABR 20.03|"
"VARI OVALO";LVTDB11B7VH501038;"GRIS NARDO";2026-04-21;2026-04-14;37;"X70FL 1,5T 6MT 4X2 FULL";JETOUR;"LISTOS - REVISADO";PENDIENTE;"Altos Andes S.A.C. ";"VENTA REVO GLP WH 17/02/2026|"
"VARI OVALO";LVTDB11B2VH501870;"GRIS NARDO";2026-05-08;2026-04-30;21;"X70FL 1,5T 6MT 4X2 FULL";JETOUR;LISTOS;PENDIENTE;"CARPIO S.A.C. ";"VENTA CARPIO GLP 19.03|"
"VARI OVALO";LVTDB11B7VH501699;AZUL;2026-05-09;2026-04-30;21;"X70FL 1,5T 6MT 4X2 FULL";JETOUR;LISTOS;PENDIENTE;"SUR MOTORS S.A. ";"VENTA SUR MOTORS GLP 19.03|"
"VARI OVALO";LVTDB11B0VH502869;BLANCO;2026-05-21;2026-05-14;7;"X70FL 1,5T 6MT 4X2 FULL";JETOUR;"LISTOS - REVISADO";PENDIENTE;"AION S.A.C. ";"VENTA AION GLP 27.03|"
"VARI OVALO";LVTDB11B1VH502718;"GRIS NARDO";2026-05-20;2026-05-13;8;"X70FL 1,5T 6MT 4X2 FULL";JETOUR;"LISTOS - REVISADO";PENDIENTE;"AUTOSHOP PERU S.A.C. ";"VENTA AUTOSHOP GLP 27.03|"
"VARI OVALO";LVTDB11B3VH502767;"GRIS NARDO";2026-05-19;2026-05-12;9;"X70FL 1,5T 6MT 4X2 FULL";JETOUR;LISTOS;PENDIENTE;"INTER. NORTE S.A.C. ";"INTER NORTE VI GLP|"
"VARI OVALO";LVTDB11B4VH503233;AZUL;2026-05-22;2026-05-15;6;"X70FL 1,5T 6MT 4X2 FULL";JETOUR;LISTOS;PENDIENTE;"EAFC MAQUISISTEMA S.A. ";"VENTA MAQUI GLP 27.03|"
"VARI OVALO";LVTDB11B0VH501320;BLANCO;2026-05-15;2026-05-08;13;"X70FL 1,5T 6MT 4X2 FULL";JETOUR;"LISTOS - REVISADO";PENDIENTE;"Altos Andes S.A.C. ";"VENTA GACSA GLP 19.03|"
"VARI OVALO";LVTDB11B0VH501401;BLANCO;2026-05-15;2026-05-08;13;"X70FL 1,5T 6MT 4X2 FULL";JETOUR;LISTOS;PENDIENTE;"Altos Andes S.A.C. ";"VENTA GACSA WH GLP 19.03|"
"VARI OVALO";LVTDB11B0VH501852;"GRIS NARDO";2026-05-15;2026-05-08;13;"X70FL 1,5T 6MT 4X2 FULL";JETOUR;"LISTOS - REVISADO";PENDIENTE;"Altos Andes S.A.C. ";"VENTA GACSA WH GLP 19.03|"
"VARI OVALO";LVTDB11B1VH501939;"GRIS NARDO";2026-05-15;2026-05-08;13;"X70FL 1,5T 6MT 4X2 FULL";JETOUR;LISTOS;PENDIENTE;"Altos Andes S.A.C. ";"VENTA AION GLP 20.03|"
"VARI OVALO";LVTDB11B1VH502007;NEGRO;2026-05-15;2026-05-08;13;"X70FL 1,5T 6MT 4X2 FULL";JETOUR;"LISTOS - REVISADO";PENDIENTE;"Altos Andes S.A.C. ";"VENTA GACSA WH GLP 19.03|"
"VARI OVALO";LVTDB11B3VH501716;AZUL;2026-05-19;2026-05-12;9;"X70FL 1,5T 6MT 4X2 FULL";JETOUR;LISTOS;PENDIENTE;"AUTOSHOP PERU S.A.C. ";"VENTA AUTOSHOP PERU S.A.C."
"VARI OVALO";LVTDB11B4VH501417;BLANCO;2026-05-18;2026-05-11;10;"X70FL 1,5T 6MT 4X2 FULL";JETOUR;LISTOS;PENDIENTE;"Altos Andes S.A.C. ";"VENTA SUR MOTORS GLP 19.03|"
"VARI OVALO";LVTDB11B4VH501854;"GRIS NARDO";2026-05-16;2026-05-09;12;"X70FL 1,5T 6MT 4X2 FULL";JETOUR;LISTOS;PENDIENTE;"Altos Andes S.A.C. ";"VENTA SATELITAL GLP 20.03|"
"VARI OVALO";LVTDB11B4VH501899;"GRIS NARDO";2026-05-16;2026-05-09;12;"X70FL 1,5T 6MT 4X2 FULL";JETOUR;"LISTOS - REVISADO";PENDIENTE;"Altos Andes S.A.C. ";"VENTA SATELITAL GLP 20.03|"
"VARI OVALO";LVTDB11B4VH501918;"GRIS NARDO";2026-05-16;2026-05-09;12;"X70FL 1,5T 6MT 4X2 FULL";JETOUR;LISTOS;PENDIENTE;"Altos Andes S.A.C. ";"VENTA SATELITAL GLP 20.03|"
"VARI OVALO";LVTDB11B5VH501863;"GRIS NARDO";2026-05-15;2026-05-08;13;"X70FL 1,5T 6MT 4X2 FULL";JETOUR;"LISTOS - REVISADO";PENDIENTE;"Altos Andes S.A.C. ";"VENTA GACSA GLP 20.03|"
"VARI OVALO";LVTDB11B6VH501421;BLANCO;2026-05-19;2026-05-12;9;"X70FL 1,5T 6MT 4X2 FULL";JETOUR;"LISTOS - REVISADO";PENDIENTE;"INTERAMERICANA TRUJILLO S.A. ";"VENTA INTERAMERICANA TRUJILLO"
"VARI OVALO";LVTDB11B6VH501872;"GRIS NARDO";2026-05-19;2026-05-12;9;"X70FL 1,5T 6MT 4X2 FULL";JETOUR;"LISTOS - REVISADO";PENDIENTE;"INTERAMERICANA NORTE S.A.C. ";"VENTA INTERAMERICANA NORTE"
"VARI OVALO";LVTDB11B6VH501998;NEGRO;2026-05-16;2026-05-09;12;"X70FL 1,5T 6MT 4X2 FULL";JETOUR;"LISTOS - REVISADO";PENDIENTE;"Altos Andes S.A.C. ";"VENTA REVO WH GLP 19.03|"
"VARI OVALO";LVTDB11B6VH502004;NEGRO;2026-05-16;2026-05-09;12;"X70FL 1,5T 6MT 4X2 FULL";JETOUR;LISTOS;PENDIENTE;"Altos Andes S.A.C. ";"VENTA REVO WH GLP 19.03|"
"VARI OVALO";LVTDB11B7VH501315;BLANCO;2026-05-19;2026-05-12;9;"X70FL 1,5T 6MT 4X2 FULL";JETOUR;"LISTOS - REVISADO";PENDIENTE;"INTERAMERICANA NORTE S.A.C. ";"VENTA INTERAMERICANA NORTE"
"VARI OVALO";LVTDB11B7VH501931;"GRIS NARDO";2026-05-19;2026-05-12;9;"X70FL 1,5T 6MT 4X2 FULL";JETOUR;"LISTOS - REVISADO";PENDIENTE;"INTERAMERICANA TRUJILLO S.A. ";"VENTA INTERAMERICANA TRUJILLO"
"VARI OVALO";LVTDB11B8VH501324;BLANCO;2026-05-19;2026-05-12;9;"X70FL 1,5T 6MT 4X2 FULL";JETOUR;LISTOS;PENDIENTE;"INTERAMERICANA TRUJILLO S.A. ";"VENTA INTERAMERICANA TRUJILLO"
"VARI OVALO";LVTDB11B8VH501338;BLANCO;2026-05-19;2026-05-12;9;"X70FL 1,5T 6MT 4X2 FULL";JETOUR;"LISTOS - REVISADO";PENDIENTE;"INTERAMERICANA TRUJILLO S.A. ";"VENTA INTERAMERICANA TRUJILLO"
"VARI OVALO";LVTDB11B8VH501694;AZUL;2026-05-19;2026-05-12;9;"X70FL 1,5T 6MT 4X2 FULL";JETOUR;"LISTOS - REVISADO";PENDIENTE;"INTERAMERICANA NORTE S.A.C. ";"VENTA INTERAMERICANA NORTE"
"VARI OVALO";LVTDB11B8VH501856;"GRIS NARDO";2026-05-19;2026-05-12;9;"X70FL 1,5T 6MT 4X2 FULL";JETOUR;LISTOS;PENDIENTE;"AUTOCAMIONES DEL CENTRO S.A.C ";"VENTA AUTOCAMIONES DEL CENTRO"
"VARI OVALO";LVTDB11B9VH501848;"GRIS NARDO";2026-05-18;2026-05-11;10;"X70FL 1,5T 6MT 4X2 FULL";JETOUR;LISTOS;PENDIENTE;"Altos Andes S.A.C. ";"VENTA PANDERO GLP 20.03|"
"VARI OVALO";LVTDB11B9VH501851;"GRIS NARDO";2026-05-18;2026-05-11;10;"X70FL 1,5T 6MT 4X2 FULL";JETOUR;LISTOS;PENDIENTE;"Altos Andes S.A.C. ";"VENTA PANDERO GLP 20.03|"
"VARI OVALO";LVTDB11B9VH501896;"GRIS NARDO";2026-05-19;2026-05-12;9;"X70FL 1,5T 6MT 4X2 FULL";JETOUR;"LISTOS - REVISADO";PENDIENTE;"INTERAMERICANA NORTE S.A.C. ";"VENTA INTERAMERICANA NORTE S.A.C."
"VARI OVALO";LVTDB11B9VH502000;NEGRO;2026-05-16;2026-05-09;12;"X70FL 1,5T 6MT 4X2 FULL";JETOUR;"LISTOS - REVISADO";PENDIENTE;"Altos Andes S.A.C. ";"VENTA REVO WH GLP ABR 20.03|"
"VARI OVALO";LVTDB11B9VH502028;NEGRO;2026-05-16;2026-05-09;12;"X70FL 1,5T 6MT 4X2 FULL";JETOUR;"LISTOS - REVISADO";PENDIENTE;"Altos Andes S.A.C. ";"VENTA REVO WH GLP ABR 20.03|"
"VARI OVALO";LVTDB11BXVH501678;AZUL;2026-05-19;2026-05-12;9;"X70FL 1,5T 6MT 4X2 FULL";JETOUR;LISTOS;PENDIENTE;"INTERAMERICANA TRUJILLO S.A. ";"VENTA INTERAMERICANA TRUJILLO"
"VARI OVALO";LVTDB11BXVH501955;"GRIS NARDO";2026-05-18;2026-05-11;10;"X70FL 1,5T 6MT 4X2 FULL";JETOUR;LISTOS;PENDIENTE;"Altos Andes S.A.C. ";"VENTA SUR MOTORS GLP 27.03|"
"VARI OVALO";LVTDB11BXVH502524;AZUL;2026-05-18;2026-05-11;10;"X70FL 1,5T 6MT 4X2 FULL";JETOUR;LISTOS;PENDIENTE;"Altos Andes S.A.C. ";"VENTA REVO WH GLP ABR 20.03|"
"VARI OVALO";LVTDB11B1VH502458;NEGRO;2026-05-12;2026-05-05;16;"X70FL 1,5T 6MT 4X2 FULL";JETOUR;LISTOS;PENDIENTE;"AUT. SATELITAL S.A.C. ";"VENTA SATELITAL GLP 0890 24.03|"
"VARI OVALO";LVTDB11B2VH502419;"GRIS NARDO";2026-05-12;2026-05-05;16;"X70FL 1,5T 6MT 4X2 FULL";JETOUR;LISTOS;PENDIENTE;"GACSA PERU S.A.C. ";"VENTA GACSA GLP 24.03|"
"VARI OVALO";LVTDB11B4VH502471;NEGRO;2026-05-12;2026-05-05;16;"X70FL 1,5T 6MT 4X2 FULL";JETOUR;"LISTOS - REVISADO";PENDIENTE;"AION S.A.C. ";"VENTA AION GLP 24.03|"
"VARI OVALO";LVTDB11B8VH502229;BLANCO;2026-05-13;2026-05-06;15;"X70FL 1,5T 6MT 4X2 FULL";JETOUR;LISTOS;PENDIENTE;"INTER. NORTE S.A.C. ";"VENTA INTER NORTE GLP 24.03|"
"VARI OVALO";LVTDB11B8VH502411;"GRIS NARDO";2026-05-12;2026-05-05;16;"X70FL 1,5T 6MT 4X2 FULL";JETOUR;"LISTOS - REVISADO";PENDIENTE;"REVO MOTORS S.A. ";"VENTA REVO WH GLP 27.03|"
"VARI OVALO";LVTDB11B9VH502465;NEGRO;2026-05-13;2026-05-06;15;"X70FL 1,5T 6MT 4X2 FULL";JETOUR;LISTOS;PENDIENTE;"INTER. TRUJILLO S.A. ";"VENTA INTER TRUJILLO GLP 25.03|"
"VARI OVALO";LVTDB11BXVH502409;"GRIS NARDO";2026-05-12;2026-05-05;16;"X70FL 1,5T 6MT 4X2 FULL";JETOUR;LISTOS;PENDIENTE;"SUR MOTORS S.A. ";"VENTA SUR MOTORS GLP 27.03|"
"VARI OVALO";LVTDB21B7VH502180;"GRIS NARDO";2026-05-15;2026-05-11;10;"X70FL 1.5T 6DCT 4X2 LIMITED";JETOUR;"LISTOS - REVISADO";PENDIENTE;"Altos Andes S.A.C. ";"VENTA REVO WH 20.03|"
"VARI OVALO";LVTDB11B0VH502760;"GRIS NARDO";2026-05-19;2026-05-13;8;"X70FL 1.5T 6MT 4X2 FULL";JETOUR;"LISTOS - REVISADO";PENDIENTE;"AUTOC. DEL CENTRO S.A.C ";"VENTA AUTOCAMIONES 27.03|"
"VARI OVALO";LVTDB11B0VH503200;AZUL;2026-05-19;2026-05-13;8;"X70FL 1.5T 6MT 4X2 FULL";JETOUR;"LISTOS - REVISADO";PENDIENTE;"AUTOC. DEL CENTRO S.A.C ";"VENTA AUTOCAMIONES 27.03|"
"VARI OVALO";LVTDB11B1VH502623;BLANCO;2026-05-18;2026-05-12;9;"X70FL 1.5T 6MT 4X2 FULL";JETOUR;"LISTOS - REVISADO";PENDIENTE;"AUTOSHOP PERU S.A.C. ";"VENTA AUTOSHOP 27.03|"
"VARI OVALO";LVTDB11B1VH502699;"GRIS NARDO";2026-05-18;2026-05-12;9;"X70FL 1.5T 6MT 4X2 FULL";JETOUR;LISTOS;PENDIENTE;"AUTOS DEL SUR S.A.C. ";"VENTA AUTOS DEL SUR V 04.04|"
"VARI OVALO";LVTDB11B1VH503075;NEGRO;2026-05-19;2026-05-13;8;"X70FL 1.5T 6MT 4X2 FULL";JETOUR;LISTOS;PENDIENTE;"AUTOS DEL SUR S.A.C. ";"VENTA AUTOS DEL SUR V 04.04|"
"VARI OVALO";LVTDB11B2VH502615;BLANCO;2026-05-19;2026-05-13;8;"X70FL 1.5T 6MT 4X2 FULL";JETOUR;"LISTOS - REVISADO";PENDIENTE;"GNECCO Y CIA S.A.C. ";GNECCO||
"VARI OVALO";LVTDB11B2VH502713;"GRIS NARDO";2026-05-18;2026-05-12;9;"X70FL 1.5T 6MT 4X2 FULL";JETOUR;"LISTOS - REVISADO";PENDIENTE;"GNECCO Y CIA S.A.C. ";GNECOO|
"VARI OVALO";LVTDB11B2VH502727;"GRIS NARDO";2026-05-18;2026-05-12;9;"X70FL 1.5T 6MT 4X2 FULL";JETOUR;"LISTOS - REVISADO";PENDIENTE;"GNECCO Y CIA S.A.C. ";GNECCO|
"VARI OVALO";LVTDB11B2VH502730;"GRIS NARDO";2026-05-18;2026-05-12;9;"X70FL 1.5T 6MT 4X2 FULL";JETOUR;LISTOS;PENDIENTE;"HS TALLERES S.R.L. ";"VENTA HS TALLERES 01.04|"
"VARI OVALO";LVTDB11B2VH502761;"GRIS NARDO";2026-05-18;2026-05-12;9;"X70FL 1.5T 6MT 4X2 FULL";JETOUR;LISTOS;PENDIENTE;"HS TALLERES S.R.L. ";"VENTA HS TALLERES 01.04|"
"VARI OVALO";LVTDB11B2VH503229;AZUL;2026-05-19;2026-05-13;8;"X70FL 1.5T 6MT 4X2 FULL";JETOUR;"LISTOS - REVISADO";PENDIENTE;"HS TALLERES S.R.L. ";"VENTA HS TALLERES 01.04|"
"VARI OVALO";LVTDB11B3VH502736;"GRIS NARDO";2026-05-18;2026-05-12;9;"X70FL 1.5T 6MT 4X2 FULL";JETOUR;LISTOS;PENDIENTE;"INTER. NORTE S.A.C. ";"INTER NORTE VI|"
"VARI OVALO";LVTDB11B3VH502770;"GRIS NARDO";2026-05-19;2026-05-13;8;"X70FL 1.5T 6MT 4X2 FULL";JETOUR;"LISTOS - REVISADO";PENDIENTE;"INTER. NORTE S.A.C. ";"INTER NORTE VI|"
"VARI OVALO";LVTDB11B3VH502879;BLANCO;2026-05-19;2026-05-12;9;"X70FL 1.5T 6MT 4X2 FULL";JETOUR;"LISTOS - REVISADO";PENDIENTE;"INTER. NORTE S.A.C. ";"VENTA INTER NORTE V 04.04|"
"VARI OVALO";LVTDB11B3VH503112;NEGRO;2026-05-18;2026-05-12;9;"X70FL 1.5T 6MT 4X2 FULL";JETOUR;"LISTOS - REVISADO";PENDIENTE;"INTER. NORTE S.A.C. ";"INTER NORTE VI |"
"VARI OVALO";LVTDB11B3VH503207;AZUL;2026-05-19;2026-05-12;9;"X70FL 1.5T 6MT 4X2 FULL";JETOUR;"LISTOS - REVISADO";PENDIENTE;"INTER. NORTE S.A.C. ";"VENTA INTER NORTE V 04.04|"
"VARI OVALO";LVTDB11B3VH503210;AZUL;2026-05-19;2026-05-13;8;"X70FL 1.5T 6MT 4X2 FULL";JETOUR;"LISTOS - REVISADO";PENDIENTE;"INTER. NORTE S.A.C. ";"VENTA INTER NORTE V|"
"VARI OVALO";LVTDB11B4VH502745;"GRIS NARDO";2026-05-19;2026-05-13;8;"X70FL 1.5T 6MT 4X2 FULL";JETOUR;LISTOS;PENDIENTE;"IWAGEN S.A.C. ";"VENTA IWAGEN IV 01.04|"
"VARI OVALO";LVTDB11B4VH503068;NEGRO;2026-05-19;2026-05-13;8;"X70FL 1.5T 6MT 4X2 FULL";JETOUR;"LISTOS - REVISADO";PENDIENTE;"INTER. TRUJILLO S.A. ";"VENTA INTER TRUJILLO 06.04||"
"VARI OVALO";LVTDB11B5VH503046;NEGRO;2026-05-19;2026-05-13;8;"X70FL 1.5T 6MT 4X2 FULL";JETOUR;LISTOS;PENDIENTE;"IWAGEN S.A.C. ";"VENTA IWAGEN IV 01.04|"
"VARI OVALO";LVTDB11B9VH502613;BLANCO;2026-05-19;2026-05-13;8;"X70FL 1.5T 6MT 4X2 FULL";JETOUR;LISTOS;PENDIENTE;"SUR MOTORS S.A. ";"VENTA SUR MOTORS IV G1 02.04|"
"VARI OVALO";LVTDB11B9VH502627;BLANCO;2026-05-19;2026-05-13;8;"X70FL 1.5T 6MT 4X2 FULL";JETOUR;LISTOS;PENDIENTE;"SUR MOTORS S.A. ";"VENTA SUR MOTORS IV G1 02.04|"
"VARI OVALO";LVTDB11B9VH502868;BLANCO;2026-05-19;2026-05-13;8;"X70FL 1.5T 6MT 4X2 FULL";JETOUR;LISTOS;PENDIENTE;"SUR MOTORS S.A. ";"VENTA SUR MOTORS IV G1 02.04|"
"VARI OVALO";LVTDB11B9VH502904;BLANCO;2026-05-19;2026-05-13;8;"X70FL 1.5T 6MT 4X2 FULL";JETOUR;"LISTOS - REVISADO";PENDIENTE;"SUR MOTORS S.A. ";"VENTA SUR MOTORS IV G1 02.04|"
"VARI OVALO";LVTDB11B9VH503213;AZUL;2026-05-19;2026-05-13;8;"X70FL 1.5T 6MT 4X2 FULL";JETOUR;"LISTOS - REVISADO";PENDIENTE;"SUR MOTORS S.A. ";"VENTA SUR MOTORS IV G1 02.04|"
"VARI OVALO";LVTDB11B0VH502497;"GRIS NARDO";2026-05-11;2026-05-05;16;"X70FL 1.5T 6MT 4X2 FULL";JETOUR;LISTOS;PENDIENTE;"SUR MOTORS S.A. ";"VENTA SUR MOTORS"
"VARI OVALO";LVTDB11B9VH502532;NEGRO;2026-05-09;2026-05-04;17;"X70FL 1.5T 6MT 4X2 FULL";JETOUR;"LISTOS - REVISADO";PENDIENTE;"HS TALLERES S.R.L. ";"VENTA HS TALLERES"
"VARI OVALO";LVTDB11B6VH502553;NEGRO;2026-05-12;2026-05-06;15;"X70FL 1.5T 6MT 4X2 FULL";JETOUR;LISTOS;PENDIENTE;"SUR MOTORS S.A. ";"VENTA SUR MOTORS S.A."
"VARI OVALO";LVTDB11B0VH501771;NEGRO;2026-05-14;2026-05-08;13;"X70FL 1.5T 6MT 4X2 FULL";JETOUR;LISTOS;PENDIENTE;"Altos Andes S.A.C. ";"VENTA GACSA 19.03|"
"VARI OVALO";LVTDB11B0VH501916;"GRIS NARDO";2026-05-15;2026-05-11;10;"X70FL 1.5T 6MT 4X2 FULL";JETOUR;"LISTOS - REVISADO";PENDIENTE;"Altos Andes S.A.C. ";"VENTA SUR MOTORS GASOLINA 19.03|"
"VARI OVALO";LVTDB11B0VH502015;NEGRO;2026-05-14;2026-05-08;13;"X70FL 1.5T 6MT 4X2 FULL";JETOUR;"LISTOS - REVISADO";PENDIENTE;"Altos Andes S.A.C. ";"VENTA GACSA 19.03|"
"VARI OVALO";LVTDB11B1VH502069;NEGRO;2026-05-13;2026-05-07;14;"X70FL 1.5T 6MT 4X2 FULL";JETOUR;"LISTOS - REVISADO";PENDIENTE;"Altos Andes S.A.C. ";"VENTA REVO WH 19.03|"
"VARI OVALO";LVTDB11B3VH501666;AZUL;2026-05-18;2026-05-12;9;"X70FL 1.5T 6MT 4X2 FULL";JETOUR;LISTOS;PENDIENTE;"GNECCO Y CIA S.A.C. ";"VENTA GNECCO Y CIA S.A.C."
"VARI OVALO";LVTDB11B3VH501697;AZUL;2026-05-18;2026-05-12;9;"X70FL 1.5T 6MT 4X2 FULL";JETOUR;LISTOS;PENDIENTE;"IWAGEN S.A.C. ";"VENTA IWAGEN S.A.C."
"VARI OVALO";LVTDB11B3VH501733;AZUL;2026-05-18;2026-05-12;9;"X70FL 1.5T 6MT 4X2 FULL";JETOUR;LISTOS;PENDIENTE;"AUTOSHOP PERU S.A.C. ";"VENTA AUTOSHOP PERU S.A.C."
"VARI OVALO";LVTDB11B3VH501862;"GRIS NARDO";2026-05-18;2026-05-12;9;"X70FL 1.5T 6MT 4X2 FULL";JETOUR;"LISTOS - REVISADO";PENDIENTE;"GNECCO Y CIA S.A.C. ";"VENTA GNECCO Y CIA S.A.C."
"VARI OVALO";LVTDB11B3VH501912;"GRIS NARDO";2026-05-18;2026-05-12;9;"X70FL 1.5T 6MT 4X2 FULL";JETOUR;"LISTOS - REVISADO";PENDIENTE;"AUTOS DEL SUR S.A.C. ";"VENTA AUTOS DEL SUR S.A.C."
"VARI OVALO";LVTDB11B5VH501345;BLANCO;2026-05-15;2026-05-11;10;"X70FL 1.5T 6MT 4X2 FULL";JETOUR;LISTOS;PENDIENTE;"Altos Andes S.A.C. ";"VENTA SUR MOTORS GASOLINA 19.03|"
"VARI OVALO";LVTDB11B5VH501927;"GRIS NARDO";2026-05-18;2026-05-12;9;"X70FL 1.5T 6MT 4X2 FULL";JETOUR;"LISTOS - REVISADO";PENDIENTE;"AUTOS DEL SUR S.A.C. ";"VENTA AUTOS DEL SUR S.A.C."
"VARI OVALO";LVTDB11B5VH501961;"GRIS NARDO";2026-05-18;2026-05-12;9;"X70FL 1.5T 6MT 4X2 FULL";JETOUR;"LISTOS - REVISADO";PENDIENTE;"GNECCO Y CIA S.A.C. ";"VENTA GNECCO Y CIA S.A.C."
"VARI OVALO";LVTDB11B6VH501354;BLANCO;2026-05-15;2026-05-11;10;"X70FL 1.5T 6MT 4X2 FULL";JETOUR;"LISTOS - REVISADO";PENDIENTE;"Altos Andes S.A.C. ";"VENTA SUR MOTORS GASOLINA 19.03|"
"VARI OVALO";LVTDB11B6VH501855;"GRIS NARDO";2026-05-18;2026-05-12;9;"X70FL 1.5T 6MT 4X2 FULL";JETOUR;"LISTOS - REVISADO";PENDIENTE;"INTERAMERICANA NORTE S.A.C. ";"VENTA INTERAMERICANA NORTE S.A.C."
"VARI OVALO";LVTDB11B6VH502052;NEGRO;2026-05-14;2026-05-08;13;"X70FL 1.5T 6MT 4X2 FULL";JETOUR;LISTOS;PENDIENTE;"Altos Andes S.A.C. ";"VENTA REVO WH 19.03|"
"VARI OVALO";LVTDB11B7VH501346;BLANCO;2026-05-18;2026-05-12;9;"X70FL 1.5T 6MT 4X2 FULL";JETOUR;"LISTOS - REVISADO";PENDIENTE;"AUTOS DEL SUR S.A.C. ";"VENTA AUTOS DEL SUR S.A.C."
"VARI OVALO";LVTDB11B7VH501363;BLANCO;2026-05-18;2026-05-12;9;"X70FL 1.5T 6MT 4X2 FULL";JETOUR;"LISTOS - REVISADO";PENDIENTE;"AUTOS DEL SUR S.A.C. ";"VENTA AUTOS DEL SUR S.A.C."
"VARI OVALO";LVTDB11B7VH501878;"GRIS NARDO";2026-05-18;2026-05-12;9;"X70FL 1.5T 6MT 4X2 FULL";JETOUR;"LISTOS - REVISADO";PENDIENTE;"INTERAMERICANA TRUJILLO S.A. ";"VENTA INTERAMERICANA TRUJILLO"
"VARI OVALO";LVTDB11B7VH501900;"GRIS NARDO";2026-05-18;2026-05-12;9;"X70FL 1.5T 6MT 4X2 FULL";JETOUR;"LISTOS - REVISADO";PENDIENTE;"INTERAMERICANA NORTE S.A.C. ";"VENTA INTERAMERICANA NORTE S.A.C."
"VARI OVALO";LVTDB11B7VH502061;NEGRO;2026-05-15;2026-05-09;12;"X70FL 1.5T 6MT 4X2 FULL";JETOUR;LISTOS;PENDIENTE;"Altos Andes S.A.C. ";"VENTA REVO WH 19.03|"
"VARI OVALO";LVTDB11B8VH501680;AZUL;2026-05-16;2026-05-11;10;"X70FL 1.5T 6MT 4X2 FULL";JETOUR;LISTOS;PENDIENTE;"Altos Andes S.A.C. ";"VENTA AUTOCAMIONES 19,03|"
"VARI OVALO";LVTDB11B8VH501873;"GRIS NARDO";2026-05-18;2026-05-12;9;"X70FL 1.5T 6MT 4X2 FULL";JETOUR;LISTOS;PENDIENTE;"AUTOCAMIONES DEL CENTRO S.A.C ";"VENTA AUTOCAMIONES"
"VARI OVALO";LVTDB11B8VH502022;NEGRO;2026-05-15;2026-05-09;12;"X70FL 1.5T 6MT 4X2 FULL";JETOUR;"LISTOS - REVISADO";PENDIENTE;"Altos Andes S.A.C. ";"VENTA REVO WH 19.03|"
"VARI OVALO";LVTDB11B9VH502031;NEGRO;2026-05-18;2026-05-12;9;"X70FL 1.5T 6MT 4X2 FULL";JETOUR;LISTOS;PENDIENTE;"INTERAMERICANA TRUJILLO S.A. ";"VENTA INTERAMERICANA TRUJILLO"
"VARI OVALO";LVTDB11BXVH501759;NEGRO;2026-05-15;2026-05-11;10;"X70FL 1.5T 6MT 4X2 FULL";JETOUR;"LISTOS - REVISADO";PENDIENTE;"Altos Andes S.A.C. ";"VENTA SUR MOTORS GASOLINA 19.03|"
"VARI OVALO";LVTDB11B0VH502354;AZUL;2026-05-11;2026-05-05;16;"X70FL 1.5T 6MT 4X2 FULL";JETOUR;"LISTOS - REVISADO";PENDIENTE;"AUT. SATELITAL S.A.C. ";"VENTA SATELITAL 0890 24.03|"
"VARI OVALO";LVTDB11B6VH502360;AZUL;2026-05-13;2026-05-06;15;"X70FL 1.5T 6MT 4X2 FULL";JETOUR;LISTOS;PENDIENTE;"SUR MOTORS S.A. ";"VENTA SUR MOTORS 23.04|"
"VARI OVALO";LVTDB11B6VH502472;NEGRO;2026-05-12;2026-05-06;15;"X70FL 1.5T 6MT 4X2 FULL";JETOUR;LISTOS;PENDIENTE;"HS TALLERES S.R.L. ";"VENTA HS TALLERES 21.03|"
"VARI OVALO";LVTDB11B7VH502464;NEGRO;2026-05-12;2026-05-06;15;"X70FL 1.5T 6MT 4X2 FULL";JETOUR;LISTOS;PENDIENTE;"AUTOC. DEL CENTRO S.A.C ";"VENTA AUTOCAMIONES|"
"VARI OVALO";LVTDB11B8VH502232;BLANCO;2026-05-13;2026-05-06;15;"X70FL 1.5T 6MT 4X2 FULL";JETOUR;LISTOS;PENDIENTE;"INTER. TRUJILLO S.A. ";"VENTA INTER TRUJILLO|"
"VARI OVALO";HJRPBGJB7RF017711T;NEGRO;2024-05-04;2024-04-30;751;"X90 PLUS 2.0T 4X2 7DCT";JETOUR;"LISTOS - REVISADO";PENDIENTE;"Altos Andes S.A.C.";"GNECCO Y CIA S.A.C."
"VARI OVALO";LSCABN3E9TE532833T;BLANCO;2026-03-21;2026-03-17;65;"NEW T3 1.5 MEC CABINA SIMPLE";KYC;LISTOS;PENDIENTE;"Altos Andes S.A.C. ";"ADELANTO PDI TR."
"VARI OVALO";LSCABN3E0TE142008P;BLANCO;2025-07-05;2025-07-02;323;"NEW T3 1.5 MEC CARGO BOX";KYC;"LISTOS - REVISADO";PENDIENTE;"ALTOS ANDES S.A.C. ";"ADELANTO PDI PUERTO"
"VARI OVALO";LS4ASL2E6SE221182;BLANCO;2024-07-05;2024-06-26;694;"NEW V3 1.5 MEC PANEL";KYC;"LISTOS - REVISADO";PENDIENTE;;"VENTA AUTOSHOP"
"VARI OVALO";LS4ASL2E8VE547876;"AZUL OSCURO";2026-05-15;2026-05-11;10;"NEW V3 1.5 MEC PLUS";KYC;LISTOS;PENDIENTE;"AUT. DEL CENTRO S.A.C ";"VENTA AUTOCAMIONES"
"VARI OVALO";LS4ASL2EXVE547877;"AZUL OSCURO";2026-05-18;2026-05-11;10;"NEW V3 1.5 MEC PLUS";KYC;LISTOS;PENDIENTE;"AUT. DEL CENTRO S.A.C ";"VENTA AUTOCAMIONES GLP"
"VARI OVALO";LS4ASL2E8TE158782P;"BLANCO BEIGE";2026-01-28;2025-11-14;188;"NEW V5 1.5 MEC PLUS";KYC;"LISTOS - REVISADO";PENDIENTE;"Altos Andes S.A.C. ";"ADELANTO PDI PUERTO"
"VARI OVALO";LS4ASL2E3TE158334;BLANCO;2026-05-19;2026-05-13;8;"NEW V7 1.6 MEC PLUS";KYC;LISTOS;PENDIENTE;"INTER. TRUJILLO S.A. ";"VENTA INTER TRUJILLO TR."
"VARI OVALO";LS4ASL2E5TE158500;"AZUL OSCURO";2026-05-11;2026-05-04;17;"NEW V7 1.6 MEC PLUS";KYC;"LISTOS - REVISADO";PENDIENTE;"1222 PERU SAC ";"VENTA PLANETA CON GLP"
"VARI OVALO";LS4ASL2E5TE158335P;BLANCO;2025-09-03;2025-09-01;262;"NEW V7 1.6 MEC PLUS";KYC;"LISTOS - REVISADO";PENDIENTE;"REVISIÓN PUERTO ";"LAVADO Y RECEPCION"
"VARI OVALO";LS4ASL2E5TE158349P;BLANCO;2025-09-03;2025-09-01;262;"NEW V7 1.6 MEC PLUS";KYC;"LISTOS - REVISADO";PENDIENTE;"REVISIÓN PUERTO ";"LAVADO Y RECEPCION"
"VARI OVALO";LS4ASL2EXTE158881;"AZUL OSCURO";2025-11-15;2025-11-10;192;"NEW V7 1.6 MEC PLUS";KYC;"LISTOS - REVISADO";PENDIENTE;"Altos Andes S.A.C. ";"INSPECCION SOPORTE TÉCNICO AASA."
"VARI OVALO";LS4ASL2E0TE158453P;"BLANCO BEIGE";2025-10-25;2025-10-22;211;"NEW V7 1.6 MEC PLUS";KYC;LISTOS;PENDIENTE;"ALTOS ANDES S.A.C. ";"ADELANTO PDI PUERTO"
"VARI OVALO";LS4ASL2E2TE158454P;"BLANCO BEIGE";2025-10-25;2025-10-22;211;"NEW V7 1.6 MEC PLUS";KYC;"LISTOS - REVISADO";PENDIENTE;"ALTOS ANDES S.A.C. ";"ADELANTO PDI PUERTO"
"VARI OVALO";LS4ASL2E4TE158455P;"BLANCO BEIGE";2025-10-31;2025-10-27;206;"NEW V7 1.6 MEC PLUS";KYC;"LISTOS - REVISADO";PENDIENTE;"ALTOS ANDES S.A.C. ";"ADELANTO PDI PUERTO"
"VARI OVALO";LS4ASL2E5TE158478P;GRIS;2025-10-31;2025-10-27;206;"NEW V7 1.6 MEC PLUS";KYC;"LISTOS - REVISADO";PENDIENTE;"ALTOS ANDES S.A.C. ";"ADELANTO PDI PUERTO"
"VARI OVALO";LS4ASL2E6TE158456P;"BLANCO BEIGE";2025-10-31;2025-10-27;206;"NEW V7 1.6 MEC PLUS";KYC;"LISTOS - REVISADO";PENDIENTE;"ALTOS ANDES S.A.C. ";"ADELANTO PDI PUERTO"
"VARI OVALO";LS4ASL2E6TE158473P;GRIS;2025-10-31;2025-10-27;206;"NEW V7 1.6 MEC PLUS";KYC;"LISTOS - REVISADO";PENDIENTE;"ALTOS ANDES S.A.C. ";"ADELANTO PDI PUERTO"
"VARI OVALO";LS4ASL2E8TE158474P;GRIS;2025-10-31;2025-10-27;206;"NEW V7 1.6 MEC PLUS";KYC;LISTOS;PENDIENTE;"ALTOS ANDES S.A.C. ";"ADELANTO PDI PUERTO"
"VARI OVALO";LS4ASL2E9TE158497P;"AZUL OSCURO";2025-10-31;2025-10-27;206;"NEW V7 1.6 MEC PLUS";KYC;"LISTOS - REVISADO";PENDIENTE;"ALTOS ANDES S.A.C. ";"ADELANTO PDI PUERTO"
"VARI OVALO";LS4ASL2E9TE158502P;"AZUL OSCURO";2025-10-31;2025-10-27;206;"NEW V7 1.6 MEC PLUS";KYC;LISTOS;PENDIENTE;"ALTOS ANDES S.A.C. ";"ADELANTO PDI PUERTO"
"VARI OVALO";LS4ASL2EXTE158475P;GRIS;2025-10-31;2025-10-27;206;"NEW V7 1.6 MEC PLUS";KYC;"LISTOS - REVISADO";PENDIENTE;"ALTOS ANDES S.A.C. ";"ADELANTO PDI PUERTO"
"VARI OVALO";LS4ASL2EXTE495132T;BLANCO;2026-02-27;2026-02-23;87;"NEW V7 1.6 MEC PLUS";KYC;LISTOS;PENDIENTE;"Altos Andes S.A.C. ";"ADELANTO PDI TR."
"VARI OVALO";LSCABN3E8TE144296;BLANCO;2026-05-13;2026-05-08;13;"NEW X5 1.5 MEC CARGO BOX";KYC;"LISTOS - REVISADO";PENDIENTE;"INTER. TRUJILLO S.A. ";"VENTA INTER TRUJILLO"
"VARI OVALO";LSCABN3E9TE144615;BLANCO;2025-11-15;2025-11-10;192;"NEW X5 1.5 MEC CARGO BOX";KYC;"LISTOS - REVISADO";PENDIENTE;"Altos Andes S.A.C. ";"INSPECCIÓN SOPORTE TÉCNICO AASA."
"VARI OVALO";LSCABN3E9TE144601T;BLANCO;2026-03-21;2026-03-17;65;"NEW X5 1.5 MEC CARGO BOX";KYC;LISTOS;PENDIENTE;"Altos Andes S.A.C. ";"ADELANTO PDI TR."
"VARI OVALO";WV1ZZZ2HZPA005505R;"BLANCO CANDY";2024-04-27;2024-04-23;758;"AMAROK COMFORTLINE 3.0 V6 TDI 4x4 - AT, 258 CV";"VW Comerciales";"LISTOS - REVISADO";PENDIENTE;"EURO MOTORS S.A. ";"EXH - ESSA SURQUILLO"
"VARI OVALO";8AWJW62H9TA004662R;"PLATA LUNA";2026-05-06;2026-05-02;19;"AMAROK COMFORTLINE 580TDI, 258CV,";"VW Comerciales";"LISTOS - REVISADO";PENDIENTE;"EUROSHOP S.A. ";"EUROSHOP S.A. - VW La Molina"
"VARI OVALO";8AWJW62H9TA004788;"GRIS PIEDRA";2026-01-29;2026-01-22;119;"AMAROK COMFORTLINE 580TDI, 258CV, 3.0L V6, 4MOTION TIP";"VW Comerciales";"LISTOS - REVISADO";PENDIENTE;"EURO MOTORS S.A. ";"adelanto pdi"
"VARI OVALO";8AWJW62H9TA005343;"VERDE SAGA";2026-01-29;2026-01-22;119;"AMAROK COMFORTLINE 580TDI, 258CV, 3.0L V6, 4MOTION TIP";"VW Comerciales";"LISTOS - REVISADO";PENDIENTE;"EURO MOTORS S.A. ";"adelanto pdi"
"VARI OVALO";8AWJW62HXTA004363;"GRIS PIEDRA";2026-01-23;2026-01-17;124;"AMAROK COMFORTLINE 580TDI, 258CV, 3.0L V6, 4MOTION TIP";"VW Comerciales";"LISTOS - REVISADO";PENDIENTE;"EURO MOTORS S.A. ";"adelanto pdi"
"VARI OVALO";8AWJW62H7TA004630;"GRIS INDIO";2026-05-18;2026-05-13;8;"AMAROK EXTREME 580TDI, 258CV, 3.0L V6, 4MOTION TIP";"VW Comerciales";"LISTOS - REVISADO";PENDIENTE;"PERUMOTOR H.G. S.A.C. ";"PERUMOTOR H.G. S.A.C."
"VARI OVALO";8AWDW22H3RA019804R;"AZUL ATLÁNTICO";2025-03-08;2025-03-04;443;"AMAROK HIGHLINE 3.0 V6 TDI 4x4 - AT, 258 CV";"VW Comerciales";"LISTOS - REVISADO";PENDIENTE;"PERUMOTOR H.G. S.A.C. ";"PERUANA DE MOTORES H.G. S.A.C."
"VARI OVALO";3VWCR6BU7TM043304;"GRIS PLATINO";2026-05-18;2026-05-13;8;"JETTA TRENDLINE 250TSI, 1.4L";"VW Pasajeros";"LISTOS - REVISADO";PENDIENTE;"EUROSHOP S.A. ";"EUROSHOP S.A. - LICITACIONES"
"VARI OVALO";3VWCR6BU9TM042039;"AZUL WAIMEA";2026-05-18;2026-05-13;8;"JETTA TRENDLINE 250TSI, 1.4L";"VW Pasajeros";"LISTOS - REVISADO";PENDIENTE;"EUROSHOP S.A. ";"EUROSHOP S.A. - LICITACIONES"
"VARI OVALO";3VWCR6BU8TM042629;"AZUL WAIMEA";2026-05-18;2026-05-13;8;"JETTA TRENDLINE 250TSI, 1.4L";"VW Pasajeros";"LISTOS - REVISADO";PENDIENTE;"EUROSHOP S.A. ";"EUROSHOP S.A. - LICITACIONES"
"VARI OVALO";3VWCR6BU6TM044458;"AZUL WAIMEA";2026-05-19;2026-05-13;8;"JETTA TRENDLINE 250TSI, 1.4L";"VW Pasajeros";LISTOS;PENDIENTE;"EUROSHOP S.A. ";"EUROSHOP S.A. - LICITACIONES"
"VARI OVALO";3VWCR6BU9TM044874;"PLATA LUNA";2026-05-19;2026-05-13;8;"JETTA TRENDLINE 250TSI, 1.4L";"VW Pasajeros";"LISTOS - REVISADO";PENDIENTE;"EUROSHOP S.A. ";"EUROSHOP S.A. - LICITACIONES"
"VARI OVALO";3VWCR6BU6TM044928;"GRIS PLATINO";2026-05-19;2026-05-13;8;"JETTA TRENDLINE 250TSI, 1.4L";"VW Pasajeros";LISTOS;PENDIENTE;"EUROSHOP S.A. ";"EUROSHOP S.A. - LICITACIONES"
"VARI OVALO";3VWCR6BU3TM044854;"NEGRO PERLADO";2026-05-18;2026-05-13;8;"JETTA TRENDLINE 250TSI, 1.4L";"VW Pasajeros";"LISTOS - REVISADO";PENDIENTE;"EUROSHOP S.A. ";"EUROSHOP S.A. - LICITACIONES"
"VARI OVALO";3VWCR6BU7TM044856;"NEGRO PERLADO";2026-05-18;2026-05-13;8;"JETTA TRENDLINE 250TSI, 1.4L";"VW Pasajeros";"LISTOS - REVISADO";PENDIENTE;"EUROSHOP S.A. ";"EUROSHOP S.A. - LICITACIONES"
"VARI OVALO";3VWCR6BU1TM044884;"NEGRO PERLADO";2026-05-18;2026-05-13;8;"JETTA TRENDLINE 250TSI, 1.4L";"VW Pasajeros";"LISTOS - REVISADO";PENDIENTE;"EUROSHOP S.A. ";"EUROSHOP S.A. - LICITACIONES"
"VARI OVALO";3VWCR6BU6TM044878;"GRIS PLATINO";2026-05-19;2026-05-13;8;"JETTA TRENDLINE 250TSI, 1.4L";"VW Pasajeros";LISTOS;PENDIENTE;"EUROSHOP S.A. ";"EUROSHOP S.A. - LICITACIONES"
"VARI OVALO";9BWCH6CH4SP005731R;"NEGRO NINJA";2025-02-27;2025-02-21;454;"NIVUS COMFORTLINE 170 TSI MEC";"VW Pasajeros";"LISTOS - REVISADO";PENDIENTE;"EURO MOTORS S.A. ";"adelanto PDI"
"VARI OVALO";9BWCH6CH7TP007510;"AZUL CORNFLOWER";2025-07-22;2025-07-16;309;"NIVUS COMFORTLINE 170 TSI MEC";"VW Pasajeros";"LISTOS - REVISADO";PENDIENTE;"EURO MOTORS S.A. ";"adelanto pdi"
"VARI OVALO";9BWCH6CH9TP006908;"AZUL CORNFLOWER";2025-07-22;2025-07-16;309;"NIVUS COMFORTLINE 170 TSI MEC";"VW Pasajeros";"LISTOS - REVISADO";PENDIENTE;"EURO MOTORS S.A. ";"adelanto pdi"
"VARI OVALO";9BWCH6CH6TP014710P;"ACIANO AZUL";2025-09-16;2025-09-13;250;"NIVUS COMFORTLINE 170 TSI MEC";"VW Pasajeros";"LISTOS - REVISADO";PENDIENTE;"EURO MOTORS S.A. ";"ADELANTO PDI PUERTO"
"VARI OVALO";9BWCH6CH0TP035102;"NEGRO NINJA";2026-05-14;2026-05-09;12;"NIVUS COMFORTLINE 170 TSI MEC";"VW Pasajeros";LISTOS;PENDIENTE;"EURO MOTORS S.A. ";"EXH ESSA SURQUILLO"
"VARI OVALO";9BWCH6CH3TP035658;"GRIS PLATINO";2026-01-29;2026-01-22;119;"NIVUS COMFORTLINE 170 TSI MEC";"VW Pasajeros";"LISTOS - REVISADO";PENDIENTE;"EURO MOTORS S.A. ";"adelanto pdi"
"VARI OVALO";9BWCH6CH7TP036036;"ROJO SUNSET";2026-05-22;2026-05-16;5;"NIVUS COMFORTLINE 170 TSI MEC";"VW Pasajeros";"LISTOS - REVISADO";PENDIENTE;"EURO MOTORS S.A. ";"ADELANTO DE PDI"
"VARI OVALO";9BWCH6CH8TP035512;"GRIS PLATINO";2026-02-02;2026-01-24;117;"NIVUS COMFORTLINE 170 TSI MEC";"VW Pasajeros";"LISTOS - REVISADO";PENDIENTE;"EURO MOTORS S.A. ";"adelanto pdi"
"VARI OVALO";9BWCH6CHXTP035057;"GRIS PLATINO";2026-05-22;2026-05-16;5;"NIVUS COMFORTLINE 170 TSI MEC";"VW Pasajeros";"LISTOS - REVISADO";PENDIENTE;"EURO MOTORS S.A. ";"ADELANTO DE PDI"
"VARI OVALO";9BWCH6CH8TP035087T;"GRIS PLATINO";2026-01-26;2026-01-22;119;"NIVUS COMFORTLINE 200 TSI TIP";"VW Pasajeros";LISTOS;PENDIENTE;"SUR MOTORS S A ";"SUR MOTORS AREQUIPA TR."
"VARI OVALO";9BWCH6CH0TP062591;"BLANCO CRISTAL";2026-05-21;2026-05-16;5;"NIVUS COMFORTLINE 200 TSI TIP";"VW Pasajeros";LISTOS;PENDIENTE;"EURO MOTORS S.A. ";"ADELANTO PDI VENTA INTERAMERICANA"
"VARI OVALO";9BWCH6CH0TP062302;"GRIS PLATINO";2026-05-22;2026-05-16;5;"NIVUS COMFORTLINE 200 TSI TIP";"VW Pasajeros";LISTOS;PENDIENTE;"EURO MOTORS S.A. ";"ADELANTO DE PDI"
"VARI OVALO";9BWCH6CH1TP062275;"GRIS PLATINO";2026-05-22;2026-05-16;5;"NIVUS COMFORTLINE 200 TSI TIP";"VW Pasajeros";"LISTOS - REVISADO";PENDIENTE;"EURO MOTORS S.A. ";"ADELANTO DE PDI"
"VARI OVALO";9BWCH6CH2TP062303;"GRIS PLATINO";2026-05-22;2026-05-16;5;"NIVUS COMFORTLINE 200 TSI TIP";"VW Pasajeros";LISTOS;PENDIENTE;"EURO MOTORS S.A. ";"ADELANTO DE PDI"
"VARI OVALO";9BWCH6CH0RP014484RE;"AZUL BISCAYA";2024-05-04;2024-04-30;751;"NIVUS HIGHLINE 200 TSI TIP";"VW Pasajeros";"LISTOS - REVISADO";PENDIENTE;"EUROSHOP S.A. ";"EUROSHOP S.A. - VW Surquillo"
"VARI OVALO";9BWCH6CH8RP014541T;"ROJO SUNSET";2024-04-25;2024-04-22;759;"NIVUS HIGHLINE 200 TSI TIP";"VW Pasajeros";"LISTOS - REVISADO";PENDIENTE;"SUR MOTORS S A ";"SUR MOTORS AREQUIPA"
"VARI OVALO";9BWCH6CH6RP038112RE;"ROJO SUNSET";2024-05-06;2024-05-02;749;"NIVUS HIGHLINE 200 TSI TIP";"VW Pasajeros";"LISTOS - REVISADO";PENDIENTE;"EUROSHOP S.A. ";"EUROSHOP S.A. - VW La Molina"
"VARI OVALO";9BWCH6CH4TP019694;"ROJO SUNSET";2025-09-29;2025-09-24;239;"NIVUS HIGHLINE 200 TSI TIP";"VW Pasajeros";"LISTOS - REVISADO";PENDIENTE;"EURO MOTORS S.A. ";"adelanto pdi"
"VARI OVALO";9BWCH6CH5TP019705;"ROJO SUNSET";2025-09-29;2025-09-24;239;"NIVUS HIGHLINE 200 TSI TIP";"VW Pasajeros";"LISTOS - REVISADO";PENDIENTE;"EURO MOTORS S.A. ";"adelanto pdi"
"VARI OVALO";9BWCH6CH4TP026547;"GRIS PIEDRA - NEGRO";2026-02-12;2026-02-06;104;"NIVUS HIGHLINE 200 TSI TIP";"VW Pasajeros";"LISTOS - REVISADO";PENDIENTE;"EURO MOTORS S.A. ";"adelanto pdi"
"VARI OVALO";9BWCH6CH4TP031179;"GRIS PIEDRA - NEGRO";2026-02-12;2026-02-06;104;"NIVUS HIGHLINE 200 TSI TIP";"VW Pasajeros";"LISTOS - REVISADO";PENDIENTE;"EURO MOTORS S.A. ";"adelanto pdi"
"VARI OVALO";9BWCH6CHXTP026424;"GRIS PIEDRA - NEGRO";2026-01-17;2026-01-14;127;"NIVUS HIGHLINE 200 TSI TIP";"VW Pasajeros";"LISTOS - REVISADO";PENDIENTE;"EURO MOTORS S.A. ";"adelanto pdi"
"VARI OVALO";9BWCH6CHXTP029307;"ROJO SUNSET";2026-02-25;2026-02-25;85;"NIVUS HIGHLINE 200 TSI TIP";"VW Pasajeros";"LISTOS - REVISADO";PENDIENTE;"EUROSHOP S.A. ";"VENTA EUROSHOP S.A."
"VARI OVALO";9BWCH6CH2TP019726R;"ROJO SUNSET";2026-02-16;2026-02-09;101;"NIVUS HIGHLINE 200 TSI TIP";"VW Pasajeros";"LISTOS - REVISADO";PENDIENTE;"EURO MOTORS S.A. ";"adelanto pdi"
"VARI OVALO";9BWCH6CH0TP019711R;"ROJO SUNSET";2026-03-19;2026-03-13;69;"NIVUS HIGHLINE 200 TSI TIP";"VW Pasajeros";"LISTOS - REVISADO";PENDIENTE;"EURO MOTORS S.A. ";"adelanto pdi"
"VARI OVALO";9BWAH5BZ5TT627288;"NEGRO NINJA";2025-10-23;2025-10-20;213;"POLO HIGHLINE 1.0 TSI TIP";"VW Pasajeros";"LISTOS - REVISADO";PENDIENTE;"EUROMOTORS S.A. ";"ADELANTO PDI ADI"
"VARI OVALO";9BWAL5BZ3TT629930;"NEGRO NINJA";2025-10-21;2025-10-16;217;"POLO TRACK 1.6 MEC";"VW Pasajeros";"LISTOS - REVISADO";PENDIENTE;"EURO MOTORS S.A. ";"adelanto pdi"
"VARI OVALO";9BWAL5BZ0TT634115;"GRIS PLATINO";2026-03-20;2026-03-14;68;"POLO TRACK 1.6 MEC";"VW Pasajeros";"LISTOS - REVISADO";PENDIENTE;"EURO MOTORS S.A. ";"adelanto pdi"
"VARI OVALO";9BWAL5BZ3TT626865R;"NEGRO NINJA";2026-03-19;2026-03-13;69;"POLO TRACK 1.6 MEC";"VW Pasajeros";LISTOS;PENDIENTE;"EURO MOTORS S.A. ";"adelanto pdi"
"VARI OVALO";9BWBH6BF0S4022250;"ROJO SUNSET";2025-02-26;2025-02-21;454;"T-CROSS COMFORTLINE 170 TSI MEC";"VW Pasajeros";"LISTOS - REVISADO";PENDIENTE;"EURO MOTORS S.A. ";"adelanto PDI"
"VARI OVALO";9BWBH6BF0S4092699P;"GRIS PLATINO";2025-06-10;2025-05-16;370;"T-CROSS COMFORTLINE 170 TSI MEC";"VW Pasajeros";"LISTOS - REVISADO";PENDIENTE;"EURO MOTORS S.A. ";"SOLO PASA LAVADO Y RECEPCIÓN"
"VARI OVALO";9BWBH6BF3T4090270;"GRIS PLATINO";2026-04-15;2026-04-11;40;"T-CROSS COMFORTLINE 200 TSI TIP";"VW Pasajeros";"LISTOS - REVISADO";PENDIENTE;"EURO MOTORS S.A. ";"ADELANTO DE PDI"
"VARI OVALO";9BWBH6BF4T4090147;"PLATA LUNA";2026-04-15;2026-04-11;40;"T-CROSS COMFORTLINE 200 TSI TIP";"VW Pasajeros";"LISTOS - REVISADO";PENDIENTE;"EURO MOTORS S.A. ";"ADELANTO DE PDI"
"VARI OVALO";9BWBH6BF5T4090495;"PLATA LUNA";2026-04-15;2026-04-11;40;"T-CROSS COMFORTLINE 200 TSI TIP";"VW Pasajeros";"LISTOS - REVISADO";PENDIENTE;"EURO MOTORS S.A. ";"ADELANTO DE PDI"
"VARI OVALO";9BWBH6BF6T4090943;"GRIS PLATINO";2026-04-15;2026-04-11;40;"T-CROSS COMFORTLINE 200 TSI TIP";"VW Pasajeros";"LISTOS - REVISADO";PENDIENTE;"EURO MOTORS S.A. ";"ADELANTO DE PDI"
"VARI OVALO";9BWBH6BF8T4090572;"PLATA LUNA";2026-04-15;2026-04-11;40;"T-CROSS COMFORTLINE 200 TSI TIP";"VW Pasajeros";"LISTOS - REVISADO";PENDIENTE;"EURO MOTORS S.A. ";"ADELANTO DE PDI"
"VARI OVALO";9BWBH6BF3T4099566;"GRIS PLATINO";2026-05-20;2026-05-14;7;"T-CROSS HIGHLINE 200 TSI TIP";"VW Pasajeros";"LISTOS - REVISADO";PENDIENTE;"EURO MOTORS S.A. ";"EXH PANDERO"
"VARI OVALO";9BWBH6BF0T4038191;"ROJO SUNSET";2025-10-22;2025-10-17;216;"T-CROSS TRENDLINE 200 TSI TIP";"VW Pasajeros";"LISTOS - REVISADO";PENDIENTE;"EURO MOTORS S.A. ";"adelanto pdi"
"VARI OVALO";9BWBH6BF4T4038999;"GRIS PLATINO";2026-02-17;2026-02-11;99;"T-CROSS TRENDLINE 200 TSI TIP";"VW Pasajeros";"LISTOS - REVISADO";PENDIENTE;"EURO MOTORS S.A. ";"adelanto pdi"
"VARI OVALO";9BWBH6BF8T4046815;"GRIS PLATINO";2026-01-31;2026-01-28;113;"T-CROSS TRENDLINE 200 TSI TIP";"VW Pasajeros";LISTOS;PENDIENTE;"EURO MOTORS S.A. ";"ADELANTO PDI RPTS."
"VARI OVALO";9BWBH6BF9T4050761;"ROJO SUNSET";2026-02-17;2026-02-13;97;"T-CROSS TRENDLINE 200 TSI TIP";"VW Pasajeros";"LISTOS - REVISADO";PENDIENTE;"EURO MOTORS S.A. ";"ADELANTO PDI RPTS."
"VARI OVALO";9BWBH6BFXT4050140;"NEGRO NINJA";2026-03-20;2026-03-14;68;"T-CROSS TRENDLINE 200 TSI TIP";"VW Pasajeros";"LISTOS - REVISADO";PENDIENTE;"EURO MOTORS S.A. ";"adelanto pdi"
"VARI OVALO";9BWBH6BF1T4051015;"GRIS PLATINO";2026-05-22;2026-05-16;5;"T-CROSS TRENDLINE 200 TSI TIP";"VW Pasajeros";"LISTOS - REVISADO";PENDIENTE;"EURO MOTORS S.A. ";"ADELANTO DE PDI"
"VARI OVALO";9BWBH6BFXT4081999;"AZUL NORWAY";2026-04-15;2026-04-11;40;"T-CROSS TRENDLINE 200 TSI TIP";"VW Pasajeros";LISTOS;PENDIENTE;"EURO MOTORS S.A. ";"ADELANTO DE PDI"
"VARI OVALO";9BWBH6BF1T4081289;"BLANCO PURO";2026-03-20;2026-03-16;66;"T-CROSS TRENDLINE 200 TSI TIP";"VW Pasajeros";LISTOS;PENDIENTE;"EURO MOTORS S.A. ";"adelanto pdi"
"VARI OVALO";9BWBH6BF6T4081840;"AZUL NORWAY";2026-04-15;2026-04-11;40;"T-CROSS TRENDLINE 200 TSI TIP";"VW Pasajeros";"LISTOS - REVISADO";PENDIENTE;"EURO MOTORS S.A. ";"ADELANTO DE PDI"
"VARI OVALO";9BWBH6BFXT4081422R;"AZUL NORWAY";2026-05-13;2026-05-08;13;"T-CROSS TRENDLINE 200 TSI TIP";"VW Pasajeros";LISTOS;PENDIENTE;"SUR MOTORS S A ";"SUR MOTORS AREQUIPA"
"VARI OVALO";9BWBH6BF4T4050103R;"PLATA LUNA";2026-05-20;2026-05-14;7;"T-CROSS TRENDLINE 200 TSI TIP";"VW Pasajeros";LISTOS;PENDIENTE;"EUROSHOP S.A. ";"EUROSHOP S.A. - VW San Borja"
"VARI OVALO";3VVHP6B24RM088191R;"AZUL DUSK";2024-10-18;2024-10-14;584;"TAOS COMFORTLINE 250 TSI TIP";"VW Pasajeros";"LISTOS - REVISADO";PENDIENTE;"EURO MOTORS S.A. ";"ADELANTO PDI GAP"
"VARI OVALO";3VVHP6B25TM017055;"GRIS PLATINO";2026-02-02;2026-01-24;117;"TAOS COMFORTLINE 250 TSI, 1.4L, 2WD, TIP";"VW Pasajeros";"LISTOS - REVISADO";PENDIENTE;"EURO MOTORS S.A. ";"adelanto pdi"
"VARI OVALO";3VVHP6B25TM016682;"BLANCO PURO";2026-01-23;2026-01-16;125;"TAOS COMFORTLINE 250 TSI, 1.4L, 2WD, TIP";"VW Pasajeros";"LISTOS - REVISADO";PENDIENTE;"EURO MOTORS S.A. ";"adelanto pdi"
"VARI OVALO";3VVHP6B28TM024677;"PLATA LUNA";2026-02-17;2026-02-10;100;"TAOS COMFORTLINE 250 TSI, 1.4L, 2WD, TIP";"VW Pasajeros";"LISTOS - REVISADO";PENDIENTE;"EURO MOTORS S.A. ";"adelanto pdi"
"VARI OVALO";3VVHP6B29TM034912;"GRIS PLATINO";2026-02-17;2026-02-10;100;"TAOS COMFORTLINE 250 TSI, 1.4L, 2WD, TIP";"VW Pasajeros";"LISTOS - REVISADO";PENDIENTE;"EURO MOTORS S.A. ";"adelanto pdi"
"VARI OVALO";3VVHP6B2XTM035177;"GRIS FRANELA";2026-03-20;2026-03-14;68;"TAOS COMFORTLINE 250 TSI, 1.4L, 2WD, TIP";"VW Pasajeros";"LISTOS - REVISADO";PENDIENTE;"EURO MOTORS S.A. ";"adelanto pdi"
"VARI OVALO";3VVHP6B2XTM035258;"GRIS PLATINO";2026-02-17;2026-02-10;100;"TAOS COMFORTLINE 250 TSI, 1.4L, 2WD, TIP";"VW Pasajeros";"LISTOS - REVISADO";PENDIENTE;"EURO MOTORS S.A. ";"adelanto pdi"
"VARI OVALO";3VV9P6B23RM087456RR;"ROJO INTENSO";2025-08-13;2025-08-12;282;"TAOS HIGHLINE 250 TSI TIP";"VW Pasajeros";"LISTOS - REVISADO";PENDIENTE;"SUR MOTORS S A ";"ADELANTO PDI ZI - SUR MOTORS AREQUIPA"
"VARI OVALO";3VV9P6B23TM066047;"GRIS FRANELA";2026-05-20;2026-05-15;6;"TAOS HIGHLINE 250 TSI, 1.4L, 2WD, TIP";"VW Pasajeros";LISTOS;PENDIENTE;"EUROSHOP S.A. ";"EUROSHOP S.A. - VW La Molina"
"VARI OVALO";3VVKP6B24RM107151;"PLATA LUNA";2024-11-18;2024-11-08;559;"TAOS TRENDLINE 250 TSI TIP";"VW Pasajeros";"LISTOS - REVISADO";PENDIENTE;"EURO MOTORS S.A. ";"ADELANTO PDI"
"VARI OVALO";3VVKP6B23TM016170;"NEGRO PERLADO";2026-03-20;2026-03-14;68;"TAOS TRENDLINE 250 TSI, 1.4L, 2WD, TIP";"VW Pasajeros";"LISTOS - REVISADO";PENDIENTE;"EURO MOTORS S.A. ";"adelanto pdi"
"VARI OVALO";3VVKP6B26TM017121;"NEGRO PERLADO";2026-02-02;2026-01-24;117;"TAOS TRENDLINE 250 TSI, 1.4L, 2WD, TIP";"VW Pasajeros";"LISTOS - REVISADO";PENDIENTE;"EURO MOTORS S.A. ";"adelanto pdi2"
"VARI OVALO";3VVKP6B29TM013225;"GRIS FRANELA";2026-02-17;2026-02-10;100;"TAOS TRENDLINE 250 TSI, 1.4L, 2WD, TIP";"VW Pasajeros";"LISTOS - REVISADO";PENDIENTE;"EURO MOTORS S.A. ";"adelanto pdi"
"VARI OVALO";3VVKP6B20TM016434;"NEGRO PERLADO";2026-01-29;2026-01-22;119;"TAOS TRENDLINE 250 TSI, 1.4L, 2WD, TIP";"VW Pasajeros";"LISTOS - REVISADO";PENDIENTE;"EURO MOTORS S.A. ";"adelanto pdi"
"VARI OVALO";3VVKP6B26TM017748;"BLANCO PURO";2026-02-17;2026-02-10;100;"TAOS TRENDLINE 250 TSI, 1.4L, 2WD, TIP";"VW Pasajeros";"LISTOS - REVISADO";PENDIENTE;"EURO MOTORS S.A. ";"adelanto pdi"
"VARI OVALO";9BWBH6DF0TT336503;"AZUL MALIBU";2025-11-03;2025-10-29;204;"TERA COMFORT 165 TSI 1.0L TIP";"VW Pasajeros";"LISTOS - REVISADO";PENDIENTE;"EURO MOTORS S.A. ";"adelanto pdi"
"VARI OVALO";9BWBH6DF4TT331269R;"NEGRO NINJA";2026-05-20;2026-05-14;7;"TERA COMFORT 165 TSI 1.0L TIP";"VW Pasajeros";LISTOS;PENDIENTE;"MANNUCCI DIESEL S.A.C. ";"MANNUCCI DIESEL S.A.C."
"VARI OVALO";9BWBH6DF2TT348099;"ROJO HYPERNOVA";2026-05-22;2026-05-16;5;"TERA COMFORT 170 TSI 1.0L TIP";"VW Pasajeros";"LISTOS - REVISADO";PENDIENTE;"EURO MOTORS S.A. ";"ADELANTO DE PDI"
"VARI OVALO";9BWBH6DF5TT390069;"GRIS PLATINO";2026-05-20;2026-05-14;7;"TERA COMFORT 170 TSI 1.0L TIP";"VW Pasajeros";"LISTOS - REVISADO";PENDIENTE;"EURO MOTORS S.A. ";"ADELANTO DE PDI"
"VARI OVALO";9BWBH6DF3TT393827;"GRIS PLATINO";2026-05-20;2026-05-14;7;"TERA COMFORT 170 TSI 1.0L TIP";"VW Pasajeros";LISTOS;PENDIENTE;"EURO MOTORS S.A. ";"ADELANTO DE PDI"
"VARI OVALO";9BWBH6DF2TT401433;"AZUL CRISTALINO";2026-05-21;2026-05-16;5;"TERA COMFORT 170 TSI 1.0L TIP";"VW Pasajeros";"LISTOS - REVISADO";PENDIENTE;"EUROSHOP S.A. ";"EUROSHOP S.A. - VW Surquillo"
"VARI OVALO";9BWBH6DF4TT402566;"GRIS PLATINO - NEGRO";2026-05-14;2026-05-09;12;"TERA HIGH 170 TSI 1.0L TIP";"VW Pasajeros";"LISTOS - REVISADO";PENDIENTE;"EURO MOTORS S.A. ";"EXH ESSA SURQUILLO"
"VARI OVALO";9BWBH6DF4TT403121;"GRIS PLATINO";2026-05-21;2026-05-16;5;"TERA HIGH 170 TSI 1.0L TIP";"VW Pasajeros";"LISTOS - REVISADO";PENDIENTE;"EUROSHOP S.A. ";"EUROSHOP S.A. - VW Mall Plaza Norte"
"VARI OVALO";9BWBL6DF9TT308584R;"NEGRO NINJA";2025-12-27;2025-12-19;153;"TERA TREND 160 MSI 1.6L MEC";"VW Pasajeros";"LISTOS - REVISADO";PENDIENTE;"EURO MOTORS S.A. ";"ADELANTO PDI"
"VARI OVALO";9BWBL6DF6TT391293;"AZUL CRISTALINO";2026-05-22;2026-05-16;5;"TERA TREND 160 MSI 1.6L MEC";"VW Pasajeros";"LISTOS - REVISADO";PENDIENTE;"EURO MOTORS S.A. ";"ADELANTO DE PDI"
"VARI OVALO";9BWBL6DF6TT393092;"AZUL MALIBU";2026-05-15;2026-05-12;9;"TERA TREND 160 MSI 1.6L MEC";"VW Pasajeros";LISTOS;PENDIENTE;"INTER. NORTE S.A.C. ";"INTERAMERICANA NORTE S.A.C."
"VARI OVALO";9BWBL6DF5TT394010;"ROJO HYPERNOVA";2026-04-14;2026-04-10;41;"TERA TREND 160 MSI 1.6L MEC";"VW Pasajeros";"LISTOS - REVISADO";PENDIENTE;"EURO MOTORS S.A. ";"ADELANTO DE PDI"
"VARI OVALO";9BWBL6DF2TT391307;"GRIS PLATINO";2026-05-14;2026-05-09;12;"TERA TREND 160 MSI 1.6L MEC";"VW Pasajeros";LISTOS;PENDIENTE;"PERUMOTOR H.G. S.A.C. ";"PERUANA DE MOTORES H.G. S.A.C."
"VARI OVALO";9BWBL6DF2TT394210;"GRIS PLATINO";2026-05-22;2026-05-16;5;"TERA TREND 160 MSI 1.6L MEC";"VW Pasajeros";"LISTOS - REVISADO";PENDIENTE;"EURO MOTORS S.A. ";"ADELANTO DE PDI"
"VARI OVALO";9BWBL6DF3TT402010;"GRIS PLATINO";2026-05-22;2026-05-16;5;"TERA TREND 160 MSI 1.6L MEC";"VW Pasajeros";LISTOS;PENDIENTE;"EURO MOTORS S.A. ";"ADELANTO DE PDI"
"VARI OVALO";9BWBL6DFXTT402327;"GRIS PLATINO";2026-05-19;2026-05-13;8;"TERA TREND 160 MSI 1.6L MEC";"VW Pasajeros";"LISTOS - REVISADO";PENDIENTE;"INTER. NORTE S.A.C. ";"INTERAMERICANA CHICLAYO"
"VARI OVALO";WVGZZZCAXTC500963;"AZUL MONTAÑA";2025-10-28;2025-10-22;211;"TERAMONT PREMIUM 370TSI, 2.0L, 4MOTION TIP";"VW Pasajeros";"LISTOS - REVISADO";PENDIENTE;"EURO MOTORS S.A. ";"adelanto de pdi"
"VARI OVALO";WVGZZZCA9TC503868;"VERDE AVOCADO";2026-05-21;2026-05-16;5;"TERAMONT PREMIUM 370TSI, 2.0L, 4MOTION TIP";"VW Pasajeros";LISTOS;PENDIENTE;"EUROSHOP S.A. ";"EUROSHOP S.A. - VW Surquillo"
"VARI OVALO";WVGZZZCA7TC500306F;"AZUL MONTAÑA";2026-01-17;2026-01-14;127;"TERAMONT PREMIUM 370TSI, 2.0L, 4MOTION TIP";"VW Pasajeros";LISTOS;PENDIENTE;"EURO MOTORS S.A. ";"adelanto pdi"
"VARI OVALO";3VVSH65N1PM089644RE;"ROJO INTENSO";2024-05-15;2024-05-09;742;"TIGUAN ALLSPACE ELEGANCE 240TSI 2.0L 4MOTION TIP";"VW Pasajeros";"LISTOS - REVISADO";PENDIENTE;"EURO MOTORS S.A. ";"EXH PLAZA NORTE"
"VARI OVALO";3VVHJ65NXPM101997T;"ROJO INTENSO";2024-05-06;2024-04-30;751;"TIGUAN ALLSPACE LIFE 250TSI 1.4L 2WD DSG";"VW Pasajeros";"LISTOS - REVISADO";PENDIENTE;"EUROSHOP S.A. ";"EUROSHOP S.A. - VW La Molina"
"VARI OVALO";3VVDP6RM4TM044155;"PLATA LUNA";2026-02-09;2026-02-03;107;"TIGUAN LIFE 250TSI, 1.4L, 2WD";"VW Pasajeros";"LISTOS - REVISADO";PENDIENTE;"EURO MOTORS S.A. ";"adelanto pdi"
"VARI OVALO";3VVDP6RM1TM085178;"GRIS PLATINO";2026-05-22;2026-05-16;5;"TIGUAN LIFE 250TSI, 1.4L, 2WD";"VW Pasajeros";LISTOS;PENDIENTE;"EURO MOTORS S.A. ";"ADELANTO DE PDI"
"VARI OVALO";3VVDP6RM0TM084863;"GRIS ASCOT";2026-05-22;2026-05-16;5;"TIGUAN LIFE 250TSI, 1.4L, 2WD";"VW Pasajeros";"LISTOS - REVISADO";PENDIENTE;"EURO MOTORS S.A. ";"ADELANTO DE PDI"
"VARI OVALO";3VVDP6RM3TM088244;"GRIS ASCOT";2026-05-22;2026-05-16;5;"TIGUAN LIFE 250TSI, 1.4L, 2WD";"VW Pasajeros";"LISTOS - REVISADO";PENDIENTE;"EURO MOTORS S.A. ";"ADELANTO DE PDI"
"VARI OVALO";3VVDP6RMXTM088855;"VERDE AVOCADO";2026-05-22;2026-05-16;5;"TIGUAN LIFE 250TSI, 1.4L, 2WD";"VW Pasajeros";LISTOS;PENDIENTE;"EURO MOTORS S.A. ";"ADELANTO DE PDI"
"VARI OVALO";3VVDP6RM2TM088252;"GRIS ASCOT";2026-05-22;2026-05-16;5;"TIGUAN LIFE 250TSI, 1.4L, 2WD";"VW Pasajeros";LISTOS;PENDIENTE;"EURO MOTORS S.A. ";"ADELANTO DE PDI"
"VARI OVALO";3VVDP6RM3TM087675;"GRIS PLATINO";2026-05-22;2026-05-16;5;"TIGUAN LIFE 250TSI, 1.4L, 2WD";"VW Pasajeros";"LISTOS - REVISADO";PENDIENTE;"EURO MOTORS S.A. ";"ADELANTO DE PDI"
"VARI OVALO";3VVLP6RM7TM019004R;"BLANCO PURO";2026-04-14;2026-04-11;40;"TIGUAN LIFE PLUS 250TSI, 1.4L, 2WD";"VW Pasajeros";LISTOS;PENDIENTE;"EURO MOTORS S.A. ";"ADELANTO DE PDI ZI"
"VARI OVALO";3VVDP6RM8TM087879;"GRIS ASCOT";2026-05-22;2026-05-16;5;"TIGUAN LIFE PLUS 250TSI, 1.4L, 2WD";"VW Pasajeros";"LISTOS - REVISADO";PENDIENTE;"EURO MOTORS S.A. ";"ADELANTO DE PDI"
"VARI OVALO";3VVDP6RM4TM094277;"GRIS ASCOT";2026-05-22;2026-05-16;5;"TIGUAN LIFE PLUS 250TSI, 1.4L, 2WD";"VW Pasajeros";"LISTOS - REVISADO";PENDIENTE;"EURO MOTORS S.A. ";"ADELANTO DE PDI"
"VARI OVALO";3VVKP6RM4TM101719;"GRIS PLATINO";2026-05-20;2026-05-15;6;"TIGUAN R- LINE 250TSI, 1.4L, 2WD";"VW Pasajeros";"LISTOS - REVISADO";PENDIENTE;"EUROSHOP S.A. ";"EUROSHOP S.A. - VW Surquillo"
"VARI OVALO";3VVKP6RM3TM099199;"GRIS ASCOT";2026-05-20;2026-05-15;6;"TIGUAN R- LINE 250TSI, 1.4L, 2WD";"VW Pasajeros";LISTOS;PENDIENTE;"EUROSHOP S.A. ";"EUROSHOP S.A. - VW Surquillo"
"VARI OVALO";LVTDB11B4VH503202;AZUL;2026-05-19;2026-05-13;8;"X70FL 1.5T 6MT 4X2 FULL";JETOUR;PINTURA;"EN PROCESO";"INTER. TRUJILLO S.A. ";"VENTA INTER TRUJILLO V 04.04|"
"VARI OVALO";LVTDB21B8VDC05560;DORADO;2026-05-27;2026-05-19;2;"T1 1.5T 4X2 7DCT B/O";JETOUR;"PROCESO PDI";"EN PROCESO";"Altos Andes S.A.C. ";"REVO WHOLESALE MAYO|"
"VARI OVALO";3VWCR6BU1TM043718;"GRIS PLATINO";2026-05-18;2026-05-13;8;"JETTA TRENDLINE 250TSI, 1.4L";"VW Pasajeros";REPUESTO;"EN PROCESO";"EUROSHOP S.A. ";"EUROSHOP S.A. - LICITACIONES"
"VARI OVALO";WAUZZZ4M2TD011266;"Azul Waitomo";2026-05-19;2026-05-14;7;"Q7 Ambition 55 TFSI quattro Tiptronic";AUDI;"ZONA DE ESPERA ACONDICIONADO";PENDIENTE;"EUROSHOP S.A. ";"VENTA EUROSHOP"
"VARI OVALO";LVTDB21B2VDC05540;BLANCO;2026-05-21;2026-05-14;7;"T1 1.5T 4X2 7DCT B/O";JETOUR;"ZONA DE ESPERA ACONDICIONADO";PENDIENTE;"EAFC MAQUISISTEMA S.A. ";"VENTA MAQUI 26.03|"
"VARI OVALO";LVTDD24B4VDC08106;NEGRO;2026-05-19;2026-05-13;8;"T1 2.0T AWD 8AT B/O";JETOUR;"ZONA DE ESPERA ACONDICIONADO";PENDIENTE;"INTER. TRUJILLO S.A. ";"VENTA INTER TRUJILLO 27.03|"
"VARI OVALO";LVTDD24B2VDC05138;GRIS;2026-05-21;2026-05-14;7;"TRAVELLER T2 2.0T AWD 7DCT LIMITED B/R";JETOUR;"ZONA DE ESPERA ACONDICIONADO";PENDIENTE;"PANDERO S.A. EAFC ";"VENTA PANDERO 20.04|"
"VARI OVALO";LVTDD24B7VDC05118;BLANCO;2026-05-20;2026-05-14;7;"TRAVELLER T2 2.0T AWD 7DCT LIMITED B/R";JETOUR;"ZONA DE ESPERA ACONDICIONADO";PENDIENTE;"AION S.A.C. ";"VENTA AION 14.04|"
"VARI OVALO";LVTDD24B0VDC07647;PLATA;2026-05-20;2026-05-14;7;"TRAVELLER T2 2.0T AWD 7DCT LIMITED B/R";JETOUR;"ZONA DE ESPERA ACONDICIONADO";PENDIENTE;"AION S.A.C. ";"VENTA AION 30.04.2026||"
"VARI OVALO";LVTDD24B1VDC07625;BLANCO;2026-05-21;2026-05-15;6;"TRAVELLER T2 2.0T AWD 7DCT LIMITED B/R";JETOUR;"ZONA DE ESPERA ACONDICIONADO";PENDIENTE;"REVO MOTORS S.A. ";"VENTA REVO CL 44400 27.03 |"
"VARI OVALO";LVTDD24B3VDC07593;"NEGRO MATE";2026-05-21;2026-05-15;6;"TRAVELLER T2 2.0T AWD 7DCT LIMITED B/R";JETOUR;"ZONA DE ESPERA ACONDICIONADO";PENDIENTE;"REVO MOTORS S.A. ";"VENTA REVO CL 45056 09.04|"
"VARI OVALO";LVTDD24B3VDC07657;GRIS;2026-05-21;2026-05-15;6;"TRAVELLER T2 2.0T AWD 7DCT LIMITED B/R";JETOUR;"ZONA DE ESPERA ACONDICIONADO";PENDIENTE;"REVO MOTORS S.A. ";"VENTA REVO WH 14.04|COLOR MATE|"
"VARI OVALO";LVTDD24B5VDC07627;BLANCO;2026-05-21;2026-05-15;6;"TRAVELLER T2 2.0T AWD 7DCT LIMITED B/R";JETOUR;"ZONA DE ESPERA ACONDICIONADO";PENDIENTE;"REVO MOTORS S.A. ";"VENTA REVO WH 14.03|"
"VARI OVALO";LVTDB21B9VH501824;BLANCO;2026-05-18;2026-05-11;10;"X70FL 1,5T 6DCT 4X2 LIMITED";JETOUR;"ZONA DE ESPERA ACONDICIONADO";PENDIENTE;"Altos Andes S.A.C. ";"VENTA REVO WH GLP ABR 20.03|"
"VARI OVALO";LVTDB11B0VH503147;AZUL;2026-05-21;2026-05-14;7;"X70FL 1,5T 6MT 4X2 FULL";JETOUR;"ZONA DE ESPERA ACONDICIONADO";PENDIENTE;"AION S.A.C. ";"VENTA AION GLP 27.03|"
"VARI OVALO";LVTDB11B2VH502601;BLANCO;2026-05-22;2026-05-15;6;"X70FL 1,5T 6MT 4X2 FULL";JETOUR;"ZONA DE ESPERA ACONDICIONADO";PENDIENTE;"GACSA PERU S.A.C. ";"VENTA GACSA GLP 27.03|"
"VARI OVALO";LVTDB11B3VH502588;BLANCO;2026-05-22;2026-05-15;6;"X70FL 1,5T 6MT 4X2 FULL";JETOUR;"ZONA DE ESPERA ACONDICIONADO";PENDIENTE;"IAAUTOS S.A.C. ";"VENTA IA GLP 27.03|"
"VARI OVALO";LVTDB11B4VH502888;BLANCO;2026-05-21;2026-05-14;7;"X70FL 1,5T 6MT 4X2 FULL";JETOUR;"ZONA DE ESPERA ACONDICIONADO";PENDIENTE;"INTER. TRUJILLO S.A. ";"VENTA INTER TRUJILLO V GLP 04.04|"
"VARI OVALO";LVTDB11B4VH503118;NEGRO;2026-05-21;2026-05-14;7;"X70FL 1,5T 6MT 4X2 FULL";JETOUR;"ZONA DE ESPERA ACONDICIONADO";PENDIENTE;"INTER. TRUJILLO S.A. ";"VENTA INTER TRUJILLO GLP 06.04||"
"VARI OVALO";LVTDB11B1VH502038;NEGRO;2026-05-18;2026-05-11;10;"X70FL 1,5T 6MT 4X2 FULL";JETOUR;"ZONA DE ESPERA ACONDICIONADO";PENDIENTE;"Altos Andes S.A.C. ";"VENTA PLANETA GLP 19.03|"
"VARI OVALO";LVTDB11B5VH501880;"GRIS NARDO";2026-05-19;2026-05-12;9;"X70FL 1,5T 6MT 4X2 FULL";JETOUR;"ZONA DE ESPERA ACONDICIONADO";PENDIENTE;"AUTOS DEL SUR S.A.C. ";"VENTA AUTOS DEL SUR S.A.C."
"VARI OVALO";LVTDB11B7VH501928;"GRIS NARDO";2026-05-19;2026-05-12;9;"X70FL 1,5T 6MT 4X2 FULL";JETOUR;"ZONA DE ESPERA ACONDICIONADO";PENDIENTE;"INTERAMERICANA TRUJILLO S.A. ";"VENTA INTERAMERICANA TRUJILLO"
"VARI OVALO";LVTDB11B7VH501945;"GRIS NARDO";2026-05-18;2026-05-11;10;"X70FL 1,5T 6MT 4X2 FULL";JETOUR;"ZONA DE ESPERA ACONDICIONADO";PENDIENTE;"Altos Andes S.A.C. ";"VENTA SUR MOTORS GLP 19.03|"
"VARI OVALO";LVTDB11B8VH501758;NEGRO;2026-05-19;2026-05-12;9;"X70FL 1,5T 6MT 4X2 FULL";JETOUR;"ZONA DE ESPERA ACONDICIONADO";PENDIENTE;"AUTOCAMIONES DEL CENTRO S.A.C ";"VENTA AUTOCAMIONES DEL CENTRO"
"VARI OVALO";LVTDB11B9VH501865;"GRIS NARDO";2026-05-18;2026-05-11;10;"X70FL 1,5T 6MT 4X2 FULL";JETOUR;"ZONA DE ESPERA ACONDICIONADO";PENDIENTE;"Altos Andes S.A.C. ";"VENTA PANDERO GLP 20.03|"
"VARI OVALO";LVTDB11B9VH502062;NEGRO;2026-05-19;2026-05-12;9;"X70FL 1,5T 6MT 4X2 FULL";JETOUR;"ZONA DE ESPERA ACONDICIONADO";PENDIENTE;"INTERAMERICANA TRUJILLO S.A. ";"VENTA INTERAMERICANA TRUJILLO"
"VARI OVALO";LVTDB11B3VH502591;BLANCO;2026-05-20;2026-05-14;7;"X70FL 1.5T 6MT 4X2 FULL";JETOUR;"ZONA DE ESPERA ACONDICIONADO";PENDIENTE;"IAAUTOS S.A.C. ";"VENTA IA 27.03|"
"VARI OVALO";LVTDB11B3VH502882;BLANCO;2026-05-19;2026-05-12;9;"X70FL 1.5T 6MT 4X2 FULL";JETOUR;"ZONA DE ESPERA ACONDICIONADO";PENDIENTE;"INTER. NORTE S.A.C. ";"VENTA INTER NORTE V 04.04|"
"VARI OVALO";LVTDB11B3VH502901;BLANCO;2026-05-19;2026-05-12;9;"X70FL 1.5T 6MT 4X2 FULL";JETOUR;"ZONA DE ESPERA ACONDICIONADO";PENDIENTE;"INTER. NORTE S.A.C. ";"VENTA INTER NORTE V 04.04|"
"VARI OVALO";LVTDB11B4VH503216;AZUL;2026-05-19;2026-05-13;8;"X70FL 1.5T 6MT 4X2 FULL";JETOUR;"ZONA DE ESPERA ACONDICIONADO";PENDIENTE;"IWAGEN S.A.C. ";"VENTA IWAGEN IV 01.04|"
"VARI OVALO";LVTDB11B6VH502908;BLANCO;2026-05-22;2026-05-15;6;"X70FL 1.5T 6MT 4X2 FULL";JETOUR;"ZONA DE ESPERA ACONDICIONADO";PENDIENTE;"REVO MOTORS S.A. ";"VENTA REVO WH MAYO 28.03|"
"VARI OVALO";LVTDB11B9VH502885;BLANCO;2026-05-19;2026-05-13;8;"X70FL 1.5T 6MT 4X2 FULL";JETOUR;"ZONA DE ESPERA ACONDICIONADO";PENDIENTE;"SUR MOTORS S.A. ";"VENTA SUR MOTORS IV G1 02.04|"
"VARI OVALO";LVTDB11BXVH501714;AZUL;2026-05-15;2026-05-11;10;"X70FL 1.5T 6MT 4X2 FULL";JETOUR;"ZONA DE ESPERA ACONDICIONADO";PENDIENTE;"Altos Andes S.A.C. ";"VENTA HS TALLERES 19.03|"
"VARI OVALO";LVTDB21B0VDA04803;"AZUL OSCURO";2026-05-23;2026-05-16;5;"S07 1.5T 4X2 6DCT B";SOUEAST;"ZONA DE ESPERA ACONDICIONADO";PENDIENTE;"AION S.A.C. ";"VENTA AION 07.04|"
"VARI OVALO";LVTDB21B3VDA04813;"GRIS OSCURO";2026-05-23;2026-05-16;5;"S07 1.5T 4X2 6DCT B";SOUEAST;"ZONA DE ESPERA ACONDICIONADO";PENDIENTE;"AION S.A.C. ";"VENTA AION 07.04|"
"VARI OVALO";LVTDB21B5VDA04831;"BLANCO PERLA";2026-05-25;2026-05-16;5;"S07 1.5T 4X2 6DCT B";SOUEAST;"ZONA DE ESPERA ACONDICIONADO";PENDIENTE;"AUT. DEL CENTRO S.A.C ";"VENTA AUTOCAMIONES 16.04|"
"VARI OVALO";LVTDB21B7VDA04815;"GRIS OSCURO";2026-05-25;2026-05-16;5;"S07 1.5T 4X2 6DCT B";SOUEAST;"ZONA DE ESPERA ACONDICIONADO";PENDIENTE;"INT. TRUJILLO S.A. ";"VENTA INTER TRUJILLO 04.04|"
"VARI OVALO";LVTDB21B9VDA04816;"GRIS OSCURO";2026-05-25;2026-05-16;5;"S07 1.5T 4X2 6DCT B";SOUEAST;"ZONA DE ESPERA ACONDICIONADO";PENDIENTE;"REVO MOTORS S.A. ";"VENTA REVO CL 44374 07.04|"
"VARI OVALO";LVTDB11B1VDA04805;"GRIS OSCURO";2026-05-25;2026-05-16;5;"S07 1.5T 4X2 6MT B";SOUEAST;"ZONA DE ESPERA ACONDICIONADO";PENDIENTE;"AUT. DEL CENTRO S.A.C ";"VENTA AUTOCAMIONES 01.04|"
"VARI OVALO";LVTDB11B1VDA04822;"BLANCO PERLA";2026-05-25;2026-05-16;5;"S07 1.5T 4X2 6MT B";SOUEAST;"ZONA DE ESPERA ACONDICIONADO";PENDIENTE;"HS TALLERES S.R.L. ";"VENTA HS TALLERES 01.04|"
"VARI OVALO";LVTDB11B7VDA04808;"GRIS OSCURO";2026-05-25;2026-05-16;5;"S07 1.5T 4X2 6MT B";SOUEAST;"ZONA DE ESPERA ACONDICIONADO";PENDIENTE;"AUTOSHOP PERU S.A.C. ";"VENTA AUTOSHOP 01.04|"
"VARI OVALO";LVTDB11BXVDA04785;"AZUL OSCURO";2026-05-25;2026-05-16;5;"S07 1.5T 4X2 6MT B";SOUEAST;"ZONA DE ESPERA ACONDICIONADO";PENDIENTE;"PANDERO S.A. EAFC ";"VENTA PANDERO 09.04|"
"VARI OVALO";LVTDB21B0VDA04848;"AZUL OSCURO";2026-05-23;2026-05-16;5;"S07 1.6T 4X2 7DCT B";SOUEAST;"ZONA DE ESPERA ACONDICIONADO";PENDIENTE;"AION S.A.C. ";"VENTA AION 07.04||"
"VARI OVALO";LVTDB21B2VDA04835;"BLANCO PERLA";2026-05-23;2026-05-16;5;"S07 1.6T 4X2 7DCT B";SOUEAST;"ZONA DE ESPERA ACONDICIONADO";PENDIENTE;"AION S.A.C. ";"VENTA AION 07.04|"
"VARI OVALO";LVTDB21B4VDA04836;"BLANCO PERLA";2026-05-25;2026-05-16;5;"S07 1.6T 4X2 7DCT B";SOUEAST;"ZONA DE ESPERA ACONDICIONADO";PENDIENTE;"GACSA PERU S.A.C. ";"VENTA GACSA 28.04|"
"VARI OVALO";LVTDB21B5VDA04862;"GRIS OSCURO";2026-05-23;2026-05-16;5;"S07 1.6T 4X2 7DCT B";SOUEAST;"ZONA DE ESPERA ACONDICIONADO";PENDIENTE;"AION S.A.C. ";"VENTA AION 07.04||"
"VARI OVALO";3VWCR6BU3TM044188;"NEGRO PERLADO";2026-05-18;2026-05-13;8;"JETTA TRENDLINE 250TSI, 1.4L";"VW Pasajeros";"ZONA DE ESPERA ACONDICIONADO";PENDIENTE;"EUROSHOP S.A. ";"EUROSHOP S.A. - LICITACIONES"
"VARI OVALO";9BWCH6CHXTP035561;"GRIS PLATINO";2026-05-22;2026-05-16;5;"NIVUS COMFORTLINE 170 TSI MEC";"VW Pasajeros";"ZONA DE ESPERA ACONDICIONADO";PENDIENTE;"EURO MOTORS S.A. ";"ADELANTO DE PDI"
"VARI OVALO";9BWCH6CH5TP028808;"NEGRO NINJA";2026-05-23;2026-05-19;2;"NIVUS HIGHLINE 200 TSI TIP";"VW Pasajeros";"ZONA DE ESPERA ACONDICIONADO";PENDIENTE;"EUROSHOP S.A. ";"EUROSHOP S.A. - VW Surquillo"
"VARI OVALO";9BWAL5BZ4TT639074;"GRIS PLATINO";2026-05-22;2026-05-16;5;"POLO TRACK 1.6 MEC";"VW Pasajeros";"ZONA DE ESPERA ACONDICIONADO";PENDIENTE;"EURO MOTORS S.A. ";"ADELANTO DE PDI"
"VARI OVALO";3VVHP6B25TM041064;"GRIS FRANELA";2026-05-22;2026-05-16;5;"TAOS COMFORTLINE 250 TSI, 1.4L, 2WD, TIP";"VW Pasajeros";"ZONA DE ESPERA ACONDICIONADO";PENDIENTE;"EURO MOTORS S.A. ";"ADELANTO DE PDI"
"VARI OVALO";9BWBH6DF3TT389602;"GRIS PLATINO";2026-05-20;2026-05-14;7;"TERA COMFORT 170 TSI 1.0L TIP";"VW Pasajeros";"ZONA DE ESPERA ACONDICIONADO";PENDIENTE;"EURO MOTORS S.A. ";"ADELANTO DE PDI"
"VARI OVALO";9BWBL6DF1TT401597;"GRIS PLATINO";2026-05-21;2026-05-15;6;"TERA TREND 160 MSI 1.6L MEC";"VW Pasajeros";"ZONA DE ESPERA ACONDICIONADO";PENDIENTE;"EUROSHOP S.A. ";"VW San Borja- VENTA CON GLP"
"VARI OVALO";3VVDP6RM5TM044147;"AZUL WAIMEA";2026-05-23;2026-05-19;2;"TIGUAN LIFE 250TSI, 1.4L, 2WD";"VW Pasajeros";"ZONA DE ESPERA ACONDICIONADO";PENDIENTE;"EUROSHOP S.A. ";"EUROSHOP S.A. - VW Surquillo"
"VARI OVALO";3VVDP6RM1TM086850;"GRIS PLATINO";2026-05-22;2026-05-16;5;"TIGUAN LIFE 250TSI, 1.4L, 2WD";"VW Pasajeros";"ZONA DE ESPERA ACONDICIONADO";PENDIENTE;"EURO MOTORS S.A. ";"ADELANTO DE PDI"
"VARI OVALO";LVTDD24B0VDC07616;"NEGRO MATE";2026-05-20;2026-05-14;7;"TRAVELLER T2 2.0T AWD 7DCT LIMITED B/R";JETOUR;"ZONA DE ESPERA CONTROL DE CALIDAD";PENDIENTE;"GACSA PERU S.A.C. ";"COLOR MATE|VENTA GACSA 30.03|"
"VARI OVALO";LVTDD24B3VDC07660;VERDE;2026-05-19;2026-05-12;9;"TRAVELLER T2 2.0T AWD 7DCT LIMITED B/R";JETOUR;"ZONA DE ESPERA CONTROL DE CALIDAD";PENDIENTE;"HS TALLERES S.R.L ";"VENTA HS TALLERES 31.03|COLOR MATE|"
"VARI OVALO";LVUDB11B7RF017612T;NEGRO;2024-05-11;2024-05-04;747;"X70 1.5T MEC 4X2 CONFORT";JETOUR;"ZONA DE ESPERA CONTROL DE CALIDAD";PENDIENTE;"PANDERO S.A. EAFC ";"VENTA PANDERO CON GLP. TR."
"VARI OVALO";LVTDB21B7VH501806;BLANCO;2026-05-18;2026-05-11;10;"X70FL 1,5T 6DCT 4X2 LIMITED";JETOUR;"ZONA DE ESPERA CONTROL DE CALIDAD";PENDIENTE;"Altos Andes S.A.C. ";"VENTA REVO WH GLP ABR 20.03|"
"VARI OVALO";LVTDB11B1VH502704;"GRIS NARDO";2026-05-19;2026-05-12;9;"X70FL 1,5T 6MT 4X2 FULL";JETOUR;"ZONA DE ESPERA CONTROL DE CALIDAD";PENDIENTE;"AUTOSHOP PERU S.A.C. ";"VENTA AUTOSHOP GLP 27.03|"
"VARI OVALO";LVTDB11B2VH502680;"GRIS NARDO";2026-05-22;2026-05-15;6;"X70FL 1,5T 6MT 4X2 FULL";JETOUR;"ZONA DE ESPERA CONTROL DE CALIDAD";PENDIENTE;"GACSA PERU S.A.C. ";"VENTA GACSA GLP 27.03|"
"VARI OVALO";LVTDB11B9VH502708;"GRIS NARDO";2026-05-21;2026-05-14;7;"X70FL 1,5T 6MT 4X2 FULL";JETOUR;"ZONA DE ESPERA CONTROL DE CALIDAD";PENDIENTE;"SUR MOTORS S.A. ";"VENTA SUR MOTORS IV GLP 2 02.04|"
"VARI OVALO";LVTDB11B2VH501366;BLANCO;2026-05-14;2026-05-07;14;"X70FL 1,5T 6MT 4X2 FULL";JETOUR;"ZONA DE ESPERA CONTROL DE CALIDAD";PENDIENTE;"Altos Andes S.A.C. ";"VENTA REVO WH GLP 19.03|"
"VARI OVALO";LVTDB11B5VH501314;BLANCO;2026-05-18;2026-05-11;10;"X70FL 1,5T 6MT 4X2 FULL";JETOUR;"ZONA DE ESPERA CONTROL DE CALIDAD";PENDIENTE;"Altos Andes S.A.C. ";"VENTA SUR MOTORS GLP 19.03|"
"VARI OVALO";LVTDB11B7VH501332;BLANCO;2026-05-19;2026-05-12;9;"X70FL 1,5T 6MT 4X2 FULL";JETOUR;"ZONA DE ESPERA CONTROL DE CALIDAD";PENDIENTE;"INTERAMERICANA NORTE S.A.C. ";"VENTA INTERAMERICANA NORTE"
"VARI OVALO";LVTDB11B8VH501887;"GRIS NARDO";2026-05-19;2026-05-12;9;"X70FL 1,5T 6MT 4X2 FULL";JETOUR;"ZONA DE ESPERA CONTROL DE CALIDAD";PENDIENTE;"AUTOCAMIONES DEL CENTRO S.A.C ";"VENTA AUTOCAMIONES DEL CENTRO"
"VARI OVALO";LVTDB11B8VH501937;"GRIS NARDO";2026-05-19;2026-05-12;9;"X70FL 1,5T 6MT 4X2 FULL";JETOUR;"ZONA DE ESPERA CONTROL DE CALIDAD";PENDIENTE;"INTERAMERICANA TRUJILLO S.A. ";"VENTA INTERAMERICANA TRUJILLO"
"VARI OVALO";LVTDB11B9VH502059;NEGRO;2026-05-19;2026-05-12;9;"X70FL 1,5T 6MT 4X2 FULL";JETOUR;"ZONA DE ESPERA CONTROL DE CALIDAD";PENDIENTE;"INTERAMERICANA TRUJILLO S.A. ";"VENTA INTERAMERICANA TRUJILLO"
"VARI OVALO";LVTDB11B1VH503089;NEGRO;2026-05-19;2026-05-13;8;"X70FL 1.5T 6MT 4X2 FULL";JETOUR;"ZONA DE ESPERA CONTROL DE CALIDAD";PENDIENTE;"AUTOSHOP PERU S.A.C. ";"VENTA AUTOSHOP 27.03|"
"VARI OVALO";LVTDB11B2VH503067;NEGRO;2026-05-20;2026-05-14;7;"X70FL 1.5T 6MT 4X2 FULL";JETOUR;"ZONA DE ESPERA CONTROL DE CALIDAD";PENDIENTE;"GACSA PERU S.A.C. ";"VENTA GACSA 27.03|"
"VARI OVALO";LVTDB11B3VH503224;AZUL;2026-05-19;2026-05-13;8;"X70FL 1.5T 6MT 4X2 FULL";JETOUR;"ZONA DE ESPERA CONTROL DE CALIDAD";PENDIENTE;"INTER. TRUJILLO S.A. ";"VENTA INTER TRUJILLO V 04.04|"
"VARI OVALO";LVTDB11B3VH501747;NEGRO;2026-05-18;2026-05-12;9;"X70FL 1.5T 6MT 4X2 FULL";JETOUR;"ZONA DE ESPERA CONTROL DE CALIDAD";PENDIENTE;"AUTOSHOP PERU S.A.C. ";"VENTA AUTOSHOP PERU S.A.C."
"VARI OVALO";LVTDB11B1VDA04786;"AZUL OSCURO";2026-05-25;2026-05-16;5;"S07 1.5T 4X2 6MT B";SOUEAST;"ZONA DE ESPERA CONTROL DE CALIDAD";PENDIENTE;"INT. TRUJILLO S.A. ";"VENTA INTER TRUJILLO 07.04|"
"VARI OVALO";3VWN86BUXPM012288RE;"NEGRO PERLADO";2024-04-05;2024-04-02;779;"JETTA TRENDLINE 250TSI 1.4L MEC";"VW Pasajeros";"ZONA DE ESPERA CONTROL DE CALIDAD";PENDIENTE;"EURO MOTORS S.A. ";"ADELANTO PDI"
"VARI OVALO";9BWBH6BF5T4099648;"AZUL NORWAY";2026-05-23;2026-05-19;2;"T-CROSS HIGHLINE 200 TSI TIP";"VW Pasajeros";"ZONA DE ESPERA CONTROL DE CALIDAD";PENDIENTE;"EUROSHOP S.A. ";"EUROSHOP S.A. - VW San Miguel"
"VARI OVALO";9BWBH6DF5TT334813R;"NEGRO NINJA";2026-05-23;2026-05-19;2;"TERA COMFORT 165 TSI 1.0L TIP";"VW Pasajeros";"ZONA DE ESPERA CONTROL DE CALIDAD";PENDIENTE;"EUROSHOP S.A. ";"EUROSHOP S.A. - VW San Miguel"
"VARI OVALO";9BWBL6DF2TT394238;"GRIS PLATINO";2026-05-22;2026-05-16;5;"TERA TREND 160 MSI 1.6L MEC";"VW Pasajeros";"ZONA DE ESPERA CONTROL DE CALIDAD";PENDIENTE;"EURO MOTORS S.A. ";"ADELANTO DE PDI"
"VARI OVALO";9BWBL6DF0TT403082;"BLANCO CRISTAL";2026-05-20;2026-05-14;7;"TERA TREND 160 MSI 1.6L MEC";"VW Pasajeros";"ZONA DE ESPERA CONTROL DE CALIDAD";PENDIENTE;"AUTOSHOP PERU S.A.C. ";"AUTOSHOP CAJAMARCA"
"VARI OVALO";3VVDP6RM6TM086889;"GRIS ASCOT";2026-05-22;2026-05-16;5;"TIGUAN LIFE PLUS 250TSI, 1.4L, 2WD";"VW Pasajeros";"ZONA DE ESPERA CONTROL DE CALIDAD";PENDIENTE;"EURO MOTORS S.A. ";"ADELANTO DE PDI"
"VARI OVALO";9BWDL6BZ1T4013480;"NEGRO NINJA";2026-05-22;2026-05-16;5;"VIRTUS TRENDLINE 1.6 MEC";"VW Pasajeros";"ZONA DE ESPERA CONTROL DE CALIDAD";PENDIENTE;"EURO MOTORS S.A. ";"ADELANTO DE PDI"
"VARI OVALO";WAUZZZGY6TA095270;"Gris Manhattan";2026-05-26;2026-05-20;1;"A3 Sedan Attraction Plus 35 TFSI";AUDI;"ZONA DE ESPERA DE BOCAMAZA";PENDIENTE;"EURO MOTORS S.A. ";"EXHIBICION -AUDI DERBY"
"VARI OVALO";WAUZZZGY8TA092113;"Azul Navarra";2026-05-25;2026-05-20;1;"A3 Sportback Attraction Plus 35 TFSI";AUDI;"ZONA DE ESPERA DE BOCAMAZA";PENDIENTE;"EURO MOTORS S.A. ";"EXHIBICION -AUDI DERBY"
"VARI OVALO";VSSZZZKM2TR020153;"GRIS MAGNETICH";2026-05-23;2026-05-19;2;"FORMENTOR 2.0 TSI CA7 LIMITED";CUPRA;"ZONA DE ESPERA DE BOCAMAZA";PENDIENTE;"EUROSHOP S.A. ";"VENTA ESSA CUPRA"
"VARI OVALO";LVTDD24B4VDC07621;BLANCO;2026-05-22;2026-05-19;2;"TRAVELLER T2 2.0T AWD 7DCT LIMITED B/R";JETOUR;"ZONA DE ESPERA DE BOCAMAZA";PENDIENTE;"REVO MOTORS S.A. ";"VENTA REVO"
"VARI OVALO";LVTDB11B5VH502916;BLANCO;2026-05-26;2026-05-16;5;"X70FL 1,5T 6MT 4X2 FULL";JETOUR;"ZONA DE ESPERA DE BOCAMAZA";PENDIENTE;"REVO MOTORS S.A. ";"VENTA REVO WH GLP 27.03|"
"VARI OVALO";LVTDB11B6VH503198;AZUL;2026-05-26;2026-05-19;2;"X70FL 1,5T 6MT 4X2 FULL";JETOUR;"ZONA DE ESPERA DE BOCAMAZA";PENDIENTE;"REVO MOTORS S.A. ";"VENTA REVO WH GLP 27.03|"
"VARI OVALO";LVTDB11B7VH503047;NEGRO;2026-05-26;2026-05-19;2;"X70FL 1,5T 6MT 4X2 FULL";JETOUR;"ZONA DE ESPERA DE BOCAMAZA";PENDIENTE;"REVO MOTORS S.A. ";"VENTA REVO WH GLP 27.03|"
"VARI OVALO";LVTDB11B7VH503081;NEGRO;2026-05-26;2026-05-16;5;"X70FL 1,5T 6MT 4X2 FULL";JETOUR;"ZONA DE ESPERA DE BOCAMAZA";PENDIENTE;"REVO MOTORS S.A. ";"VENTA REVO WH GLP 27.03|"
"VARI OVALO";LVTDB11B7VH503095;NEGRO;2026-05-26;2026-05-16;5;"X70FL 1,5T 6MT 4X2 FULL";JETOUR;"ZONA DE ESPERA DE BOCAMAZA";PENDIENTE;"REVO MOTORS S.A. ";"VENTA REVO WH GLP 27.03|"
"VARI OVALO";LVTDB11B8VH503106;NEGRO;2026-05-27;2026-05-19;2;"X70FL 1,5T 6MT 4X2 FULL";JETOUR;"ZONA DE ESPERA DE BOCAMAZA";PENDIENTE;"REVO MOTORS S.A. ";"VENTA REVO WH GLP 27.03|"
"VARI OVALO";LVTDB11B9VH503146;AZUL;2026-05-27;2026-05-19;2;"X70FL 1,5T 6MT 4X2 FULL";JETOUR;"ZONA DE ESPERA DE BOCAMAZA";PENDIENTE;"REVO MOTORS S.A. ";"VENTA REVO WH GLP MAYO 28.03|"
"VARI OVALO";LVTDB11B9VH503177;AZUL;2026-05-27;2026-05-19;2;"X70FL 1,5T 6MT 4X2 FULL";JETOUR;"ZONA DE ESPERA DE BOCAMAZA";PENDIENTE;"REVO MOTORS S.A. ";"VENTA REVO WH GLP MAYO 28.03|"
"VARI OVALO";LVTDB11BXVH503074;NEGRO;2026-05-27;2026-05-19;2;"X70FL 1,5T 6MT 4X2 FULL";JETOUR;"ZONA DE ESPERA DE BOCAMAZA";PENDIENTE;"AUTOTAXI SATELITAL S.A.C. ";"VENTA SATELITAL GLP 27.03|"
"VARI OVALO";LVTDB11BXVH503107;NEGRO;2026-05-27;2026-05-19;2;"X70FL 1,5T 6MT 4X2 FULL";JETOUR;"ZONA DE ESPERA DE BOCAMAZA";PENDIENTE;"AUTOTAXI SATELITAL S.A.C. ";"VENTA SATELITAL GLP 27.03|"
"VARI OVALO";LVTDB11B1VH502606;BLANCO;2026-05-28;2026-05-19;2;"X70FL 1.5T 6MT 4X2 FULL";JETOUR;"ZONA DE ESPERA DE BOCAMAZA";PENDIENTE;"AUTOS DEL SUR S.A.C. ";"VENTA AUTOS DEL SUR V 04.04|"
"VARI OVALO";LVTDB11B1VH502878;BLANCO;2026-05-27;2026-05-19;2;"X70FL 1.5T 6MT 4X2 FULL";JETOUR;"ZONA DE ESPERA DE BOCAMAZA";PENDIENTE;"SUR MOTORS S.A. ";"VENTA SUR MOTORS 23.04|"
"VARI OVALO";LVTDB11B2VH503201;AZUL;2026-05-27;2026-05-19;2;"X70FL 1.5T 6MT 4X2 FULL";JETOUR;"ZONA DE ESPERA DE BOCAMAZA";PENDIENTE;"HS TALLERES S.R.L. ";"VENTA HS TALLERES 01.04|"
"VARI OVALO";LVTDB11B3VH502722;"GRIS NARDO";2026-05-28;2026-05-19;2;"X70FL 1.5T 6MT 4X2 FULL";JETOUR;"ZONA DE ESPERA DE BOCAMAZA";PENDIENTE;"INTER. NORTE S.A.C. ";"INTER NORTE VI|"
"VARI OVALO";LVTDB11B4VH502597;BLANCO;2026-05-27;2026-05-19;2;"X70FL 1.5T 6MT 4X2 FULL";JETOUR;"ZONA DE ESPERA DE BOCAMAZA";PENDIENTE;"INTER. TRUJILLO S.A. ";"VENTA INTER TRUJILLO V 04.04|"
"VARI OVALO";LVTDB11B4VH503104;NEGRO;2026-05-27;2026-05-19;2;"X70FL 1.5T 6MT 4X2 FULL";JETOUR;"ZONA DE ESPERA DE BOCAMAZA";PENDIENTE;"INTER. TRUJILLO S.A. ";"VENTA INTER TRUJILLO 06.04||"
"VARI OVALO";LVTDB11B5VH502625;BLANCO;2026-05-26;2026-05-16;5;"X70FL 1.5T 6MT 4X2 FULL";JETOUR;"ZONA DE ESPERA DE BOCAMAZA";PENDIENTE;"REVO MOTORS S.A. ";"VENTA REVO 27.03|"
"VARI OVALO";LVTDB11B5VH503192;AZUL;2026-05-26;2026-05-16;5;"X70FL 1.5T 6MT 4X2 FULL";JETOUR;"ZONA DE ESPERA DE BOCAMAZA";PENDIENTE;"REVO MOTORS S.A. ";"VENTA REVO 27.03|"
"VARI OVALO";LVTDB11B6VH503041;NEGRO;2026-05-26;2026-05-16;5;"X70FL 1.5T 6MT 4X2 FULL";JETOUR;"ZONA DE ESPERA DE BOCAMAZA";PENDIENTE;"REVO MOTORS S.A. ";"VENTA REVO 27.03|"
"VARI OVALO";LVTDB11B7VH502741;"GRIS NARDO";2026-05-26;2026-05-16;5;"X70FL 1.5T 6MT 4X2 FULL";JETOUR;"ZONA DE ESPERA DE BOCAMAZA";PENDIENTE;"REVO MOTORS S.A. ";"VENTA REVO WH MAYO 28.03|"
"VARI OVALO";LVTDB11B7VH502867;BLANCO;2026-05-26;2026-05-16;5;"X70FL 1.5T 6MT 4X2 FULL";JETOUR;"ZONA DE ESPERA DE BOCAMAZA";PENDIENTE;"REVO MOTORS S.A. ";"VENTA REVO WH MAYO 28.03|"
"VARI OVALO";LVTDB11B7VH503226;AZUL;2026-05-26;2026-05-16;5;"X70FL 1.5T 6MT 4X2 FULL";JETOUR;"ZONA DE ESPERA DE BOCAMAZA";PENDIENTE;"REVO MOTORS S.A. ";"VENTA REVO WH MAYO 28.03|"
"VARI OVALO";LVTDB11B8VH502733;"GRIS NARDO";2026-05-26;2026-05-16;5;"X70FL 1.5T 6MT 4X2 FULL";JETOUR;"ZONA DE ESPERA DE BOCAMAZA";PENDIENTE;"REVO MOTORS S.A. ";"VENTA REVO WH MAYO 28.03|"
"VARI OVALO";LVTDB11B8VH503137;AZUL;2026-05-26;2026-05-16;5;"X70FL 1.5T 6MT 4X2 FULL";JETOUR;"ZONA DE ESPERA DE BOCAMAZA";PENDIENTE;"REVO MOTORS S.A. ";"VENTA REVO WH MAYO 28.03|"
"VARI OVALO";LVTDB11B8VH503140;AZUL;2026-05-26;2026-05-16;5;"X70FL 1.5T 6MT 4X2 FULL";JETOUR;"ZONA DE ESPERA DE BOCAMAZA";PENDIENTE;"REVO MOTORS S.A. ";"VENTA REVO WH MAYO 28.03|"
"VARI OVALO";LVTDB11B8VH503168;AZUL;2026-05-26;2026-05-16;5;"X70FL 1.5T 6MT 4X2 FULL";JETOUR;"ZONA DE ESPERA DE BOCAMAZA";PENDIENTE;"REVO MOTORS S.A. ";"VENTA REVO WH MAYO 28.03|"
"VARI OVALO";LVTDB11B8VH503199;AZUL;2026-05-26;2026-05-16;5;"X70FL 1.5T 6MT 4X2 FULL";JETOUR;"ZONA DE ESPERA DE BOCAMAZA";PENDIENTE;"REVO MOTORS S.A. ";"VENTA REVO WH MAYO 28.03|"
"VARI OVALO";LVTDB11B8VH503221;AZUL;2026-05-26;2026-05-16;5;"X70FL 1.5T 6MT 4X2 FULL";JETOUR;"ZONA DE ESPERA DE BOCAMAZA";PENDIENTE;"REVO MOTORS S.A. ";"VENTA REVO WH MAYO 28.03|"
"VARI OVALO";LVTDB11B9VH502756;"GRIS NARDO";2026-05-27;2026-05-19;2;"X70FL 1.5T 6MT 4X2 FULL";JETOUR;"ZONA DE ESPERA DE BOCAMAZA";PENDIENTE;"SUR MOTORS S.A. ";"VENTA SUR MOTORS IV G2 02.04|"
"VARI OVALO";LVTDB11BXVH502717;"GRIS NARDO";2026-05-26;2026-05-19;2;"X70FL 1.5T 6MT 4X2 FULL";JETOUR;"ZONA DE ESPERA DE BOCAMAZA";PENDIENTE;"AUTOTAXI SATELITAL S.A.C. ";"VENTA SATELITAL 27.03|"
"VARI OVALO";LVTDB11BXVH502877;BLANCO;2026-05-27;2026-05-19;2;"X70FL 1.5T 6MT 4X2 FULL";JETOUR;"ZONA DE ESPERA DE BOCAMAZA";PENDIENTE;"AUTOTAXI SATELITAL S.A.C. ";"VENTA SATELITAL 27.03|"
"VARI OVALO";LVTDB21B0VDA04817;"GRIS OSCURO";2026-05-25;2026-05-16;5;"S07 1.5T 4X2 6DCT B";SOUEAST;"ZONA DE ESPERA DE BOCAMAZA";PENDIENTE;"GACSA PERU S.A.C. ";"VENTA GACSA 01.04|"
"VARI OVALO";LVTDB21B1VDA04762;BLANCO;2026-05-23;2026-05-16;5;"S07 1.5T 4X2 6DCT B";SOUEAST;"ZONA DE ESPERA DE BOCAMAZA";PENDIENTE;"AION S.A.C. ";"VENTA AION 07.04||"
"VARI OVALO";LVTDB21B2VDA04799;"AZUL OSCURO";2026-05-25;2026-05-16;5;"S07 1.5T 4X2 6DCT B";SOUEAST;"ZONA DE ESPERA DE BOCAMAZA";PENDIENTE;"AUT. DEL CENTRO S.A.C ";"VENTA AUTOCAMIONES 07.04|"
"VARI OVALO";LVTDB21B2VDA04804;"AZUL OSCURO";2026-05-25;2026-05-16;5;"S07 1.5T 4X2 6DCT B";SOUEAST;"ZONA DE ESPERA DE BOCAMAZA";PENDIENTE;"AUT. DEL CENTRO S.A.C ";"VENTA AUTOCAMIONES 08.04|"
"VARI OVALO";LVTDB21B3VDA04780;NEGRO;2026-05-23;2026-05-16;5;"S07 1.5T 4X2 6DCT B";SOUEAST;"ZONA DE ESPERA DE BOCAMAZA";PENDIENTE;"AION S.A.C. ";"VENTA AION 07.04|"
"VARI OVALO";LVTDB21B4VDA04819;"GRIS OSCURO";2026-05-25;2026-05-16;5;"S07 1.5T 4X2 6DCT B";SOUEAST;"ZONA DE ESPERA DE BOCAMAZA";PENDIENTE;"INT. TRUJILLO S.A. ";"VENTA INTER TRUJILLO 04.04|"
"VARI OVALO";LVTDB21B5VDA04764;BLANCO;2026-05-25;2026-05-16;5;"S07 1.5T 4X2 6DCT B";SOUEAST;"ZONA DE ESPERA DE BOCAMAZA";PENDIENTE;"INT. TRUJILLO S.A. ";"VENTA INTER TRUJILLO 04.04|"
"VARI OVALO";LVTDB21B5VDA04795;"AZUL OSCURO";2026-05-26;2026-05-16;5;"S07 1.5T 4X2 6DCT B";SOUEAST;"ZONA DE ESPERA DE BOCAMAZA";PENDIENTE;"SUR MOTORS S.A. ";"VENTA SUR MOTORS 16.04|"
"VARI OVALO";LVTDB21B5VDA04800;"AZUL OSCURO";2026-05-25;2026-05-16;5;"S07 1.5T 4X2 6DCT B";SOUEAST;"ZONA DE ESPERA DE BOCAMAZA";PENDIENTE;"INT. TRUJILLO S.A. ";"VENTA INTER TRUJILLO 04.04|"
"VARI OVALO";LVTDB21B5VDA04814;"GRIS OSCURO";2026-05-25;2026-05-16;5;"S07 1.5T 4X2 6DCT B";SOUEAST;"ZONA DE ESPERA DE BOCAMAZA";PENDIENTE;"INT. TRUJILLO S.A. ";"VENTA INTER TRUJILLO 04.04|"
"VARI OVALO";LVTDB21B5VDA04828;"BLANCO PERLA";2026-05-25;2026-05-16;5;"S07 1.5T 4X2 6DCT B";SOUEAST;"ZONA DE ESPERA DE BOCAMAZA";PENDIENTE;"INT. TRUJILLO S.A. ";"VENTA INTER TRUJILLO 04.04|"
"VARI OVALO";LVTDB21B7VDA04765;BLANCO;2026-05-25;2026-05-16;5;"S07 1.5T 4X2 6DCT B";SOUEAST;"ZONA DE ESPERA DE BOCAMAZA";PENDIENTE;"INT. TRUJILLO S.A. ";"VENTA INTER TRUJILLO 04.04|"
"VARI OVALO";LVTDB21B7VDA04779;NEGRO;2026-05-26;2026-05-16;5;"S07 1.5T 4X2 6DCT B";SOUEAST;"ZONA DE ESPERA DE BOCAMAZA";PENDIENTE;"SUR MOTORS S.A. ";"VENTA SUR MOTORS 09.04|"
"VARI OVALO";LVTDB21B7VDA04782;NEGRO;2026-05-25;2026-05-16;5;"S07 1.5T 4X2 6DCT B";SOUEAST;"ZONA DE ESPERA DE BOCAMAZA";PENDIENTE;"PANDERO S.A. EAFC ";"VENTA PANDERO 25.04|"
"VARI OVALO";LVTDB21B7VDA04796;"AZUL OSCURO";2026-05-25;2026-05-16;5;"S07 1.5T 4X2 6DCT B";SOUEAST;"ZONA DE ESPERA DE BOCAMAZA";PENDIENTE;"AUTOSHOP PERU S.A.C. ";"VENTA SUR MOTORS 16.04|"
"VARI OVALO";LVTDB21B7VDA04801;"AZUL OSCURO";2026-05-25;2026-05-16;5;"S07 1.5T 4X2 6DCT B";SOUEAST;"ZONA DE ESPERA DE BOCAMAZA";PENDIENTE;"HS TALLERES S.R.L. ";"VENTA HS TALLERES 20.04|"
"VARI OVALO";LVTDB21B7VDA04829;"BLANCO PERLA";2026-05-26;2026-05-16;5;"S07 1.5T 4X2 6DCT B";SOUEAST;"ZONA DE ESPERA DE BOCAMAZA";PENDIENTE;"SUR MOTORS S.A. ";"VENTA SUR MOTORS 23.04|"
"VARI OVALO";9BWAL5BZ3TT634125;"GRIS PLATINO";2026-05-22;2026-05-16;5;"POLO TRACK 1.6 MEC";"VW Pasajeros";"ZONA DE ESPERA DE BOCAMAZA";PENDIENTE;"PERUMOTOR H.G. S.A.C. ";"PERUMOTOR H.G. S.A.C.- VENTA CON GLP + CAMARA"
"VARI OVALO";9BWAL5BZ8TT639241;"GRIS PLATINO";2026-05-22;2026-05-16;5;"POLO TRACK 1.6 MEC";"VW Pasajeros";"ZONA DE ESPERA DE BOCAMAZA";PENDIENTE;"EURO MOTORS S.A. ";"ADELANTO DE PDI"
"VARI OVALO";9BWBH6BF9T4089933T;"GRIS ASCOT - NEGRO";2026-05-25;2026-05-20;1;"T-CROSS EXTREME 200 TSI TIP";"VW Pasajeros";"ZONA DE ESPERA DE BOCAMAZA";PENDIENTE;"EUROSHOP S.A. ";"EUROSHOP S.A. - VW Surquillo TR."
"VARI OVALO";3VVHP6B21TM015822R;"NEGRO PERLADO";2026-05-23;2026-05-19;2;"TAOS COMFORTLINE 250 TSI, 1.4L, 2WD, TIP";"VW Pasajeros";"ZONA DE ESPERA DE BOCAMAZA";PENDIENTE;"EUROSHOP S.A. ";"ADELANTO PDI ZI - EUROSHOP S.A. - VW Surquillo"
"VARI OVALO";9BWBH6DFXTT325833;"NEGRO NINJA";2026-05-23;2026-05-19;2;"TERA COMFORT 165 TSI 1.0L TIP";"VW Pasajeros";"ZONA DE ESPERA DE BOCAMAZA";PENDIENTE;"EUROSHOP S.A. ";"EUROSHOP S.A. - VW La Molina"
"VARI OVALO";LVTDB11B0VH502581;BLANCO;2026-05-28;2026-05-20;1;"X70FL 1,5T 6MT 4X2 FULL";JETOUR;"ZONA DE ESPERA GLP";PENDIENTE;"AION S.A.C. ";"VENTA AION GLP 27.03|"
"VARI OVALO";LVTDB11B0VH503097;NEGRO;2026-05-28;2026-05-20;1;"X70FL 1,5T 6MT 4X2 FULL";JETOUR;"ZONA DE ESPERA GLP";PENDIENTE;"AION S.A.C. ";"VENTA AION GLP 27.03|"
"VARI OVALO";LVTDB11B1VH502721;"GRIS NARDO";2026-05-28;2026-05-20;1;"X70FL 1,5T 6MT 4X2 FULL";JETOUR;"ZONA DE ESPERA GLP";PENDIENTE;"AION S.A.C. ";"VENTA AION GLP 23.04|"
"VARI OVALO";LVTDB11B1VH503058;NEGRO;2026-05-28;2026-05-20;1;"X70FL 1,5T 6MT 4X2 FULL";JETOUR;"ZONA DE ESPERA GLP";PENDIENTE;"AUTOC. DEL CENTRO S.A.C ";"VENTA AUTOCAMIONES GLP 27.03|"
"VARI OVALO";LVTDB11B1VH503187;AZUL;2026-05-28;2026-05-20;1;"X70FL 1,5T 6MT 4X2 FULL";JETOUR;"ZONA DE ESPERA GLP";PENDIENTE;"AUTOSHOP PERU S.A.C. ";"VENTA AUTOSHOP GLP 27.03|"
"VARI OVALO";LVTDB11B4VH502616;BLANCO;2026-05-28;2026-05-20;1;"X70FL 1,5T 6MT 4X2 FULL";JETOUR;"ZONA DE ESPERA GLP";PENDIENTE;"INTER. TRUJILLO S.A. ";"VENTA INTER TRUJILLO V GLP 04.04|"
"VARI OVALO";LVTDB11B5VH502589;BLANCO;2026-05-28;2026-05-20;1;"X70FL 1,5T 6MT 4X2 FULL";JETOUR;"ZONA DE ESPERA GLP";PENDIENTE;"PANDERO S.A. EAFC ";"VENTA PANDERO GLP 27.03|"
"VARI OVALO";LVTDB11B7VH502688;"GRIS NARDO";2026-05-28;2026-05-20;1;"X70FL 1,5T 6MT 4X2 FULL";JETOUR;"ZONA DE ESPERA GLP";PENDIENTE;"REVO MOTORS S.A. ";"VENTA REVO WH GLP 27.03|"
"VARI OVALO";LVTDB11B7VH502870;BLANCO;2026-05-28;2026-05-20;1;"X70FL 1,5T 6MT 4X2 FULL";JETOUR;"ZONA DE ESPERA GLP";PENDIENTE;"REVO MOTORS S.A. ";"VENTA REVO WH GLP MAYO 28.03|"
"VARI OVALO";LVTDB11B7VH503209;AZUL;2026-05-28;2026-05-20;1;"X70FL 1,5T 6MT 4X2 FULL";JETOUR;"ZONA DE ESPERA GLP";PENDIENTE;"REVO MOTORS S.A. ";"VENTA REVO WH GLP 27.03|"
"VARI OVALO";LVTDB11BXVH502748;"GRIS NARDO";2026-05-28;2026-05-20;1;"X70FL 1,5T 6MT 4X2 FULL";JETOUR;"ZONA DE ESPERA GLP";PENDIENTE;"AUTOTAXI SATELITAL S.A.C. ";"VENTA SATELITAL GLP 27.03|"
"VARI OVALO";HJRPBGFB7TB032670;BLANCO;2026-05-06;2026-04-30;21;"DASHING 1.5T 4X2 6DCT CONFORT ACP W/G";JETOUR;"ZONA DE ESPERA PINTURA";PENDIENTE;"AION S.A.C. ";"VENTA AION"
"VARI OVALO";LVTDB21B4VDC05541;BLANCO;2026-05-20;2026-05-14;7;"T1 1.5T 4X2 7DCT B/O";JETOUR;"ZONA DE ESPERA PINTURA";PENDIENTE;"IAAUTOS S.A.C. ";"VENTA IA 01.04|"
"VARI OVALO";LVTDB21B4VDC05555;PLATA;2026-05-27;2026-05-19;2;"T1 1.5T 4X2 7DCT B/O";JETOUR;"ZONA DE ESPERA PINTURA";PENDIENTE;"AION S.A.C. ";"VENTA AION 11.04|"
"VARI OVALO";LVTDB21B5VDC05547;NEGRO;2026-05-20;2026-05-14;7;"T1 1.5T 4X2 7DCT B/O";JETOUR;"ZONA DE ESPERA PINTURA";PENDIENTE;"Altos Andes S.A.C. ";"REVO WHOLESALE MAYO |"
"VARI OVALO";LVTDB21B5VDC05550;NEGRO;2026-05-21;2026-05-15;6;"T1 1.5T 4X2 7DCT B/O";JETOUR;"ZONA DE ESPERA PINTURA";PENDIENTE;"REVO MOTORS S.A. ";"VENTA REVO M 02.04|"
"VARI OVALO";LVTDB21B6VDC05542;BLANCO;2026-05-20;2026-05-14;7;"T1 1.5T 4X2 7DCT B/O";JETOUR;"ZONA DE ESPERA PINTURA";PENDIENTE;"AION S.A.C. ";"VENTA AION 08.04|"
"VARI OVALO";LVTDB21B7VDC05548;NEGRO;2026-05-21;2026-05-15;6;"T1 1.5T 4X2 7DCT B/O";JETOUR;"ZONA DE ESPERA PINTURA";PENDIENTE;"REVO MOTORS S.A. ";"VENTA REVO M 29.04|"
"VARI OVALO";LVTDB21B8VDC05543;BLANCO;2026-05-27;2026-05-19;2;"T1 1.5T 4X2 7DCT B/O";JETOUR;"ZONA DE ESPERA PINTURA";PENDIENTE;"Altos Andes S.A.C. ";"REVO WHOLESALE MAYO|"
"VARI OVALO";LVTDB21B9VDC05549;NEGRO;2026-05-21;2026-05-15;6;"T1 1.5T 4X2 7DCT B/O";JETOUR;"ZONA DE ESPERA PINTURA";PENDIENTE;"REVO MOTORS S.A. ";"VENTA REVO M 29.04|"
"VARI OVALO";LVTDB21B9VDC05552;PLATA;2026-05-21;2026-05-15;6;"T1 1.5T 4X2 7DCT B/O";JETOUR;"ZONA DE ESPERA PINTURA";PENDIENTE;"REVO MOTORS S.A. ";"VENTA REVO DEMO 14.04|"
"VARI OVALO";LVTDB21B7VDC05551;NEGRO;2026-05-20;2026-05-14;7;"T1 1.5T 4X2 7DCT B/W";JETOUR;"ZONA DE ESPERA PINTURA";PENDIENTE;"AION S.A.C. ";"VENTA AION 27.03|"
"VARI OVALO";LVTDD24B1VDC05597;BLANCO;2026-05-26;2026-05-16;5;"T1 2.0T AWD 8AT B/O";JETOUR;"ZONA DE ESPERA PINTURA";PENDIENTE;"REVO MOTORS S.A. ";"VENTA REVO // OFERTA 44614|"
"VARI OVALO";LVTDD24B7VDC05605;NEGRO;2026-05-21;2026-05-15;6;"T1 2.0T AWD 8AT B/O";JETOUR;"ZONA DE ESPERA PINTURA";PENDIENTE;"1222 PERU SAC ";"VENTA PLANETA 08.04|"
"VARI OVALO";LVTDD24B1VDC08094;"NEGRO MATE";2026-05-20;2026-05-19;2;"T1 2.0T AWD 8AT B/O";JETOUR;"ZONA DE ESPERA PINTURA";PENDIENTE;"AION S.A.C. ";"VENTA AION 11.04| PDI EXPRESS"
"VARI OVALO";LVTDD24B3VDC08114;PLATA;2026-05-27;2026-05-19;2;"T1 2.0T AWD 8AT B/O";JETOUR;"ZONA DE ESPERA PINTURA";PENDIENTE;"INTER. TRUJILLO S.A. ";"VENTA INTER TRUJILLO 27.03|"
"VARI OVALO";LVTDD24B5VDC08096;"NEGRO MATE";2026-05-27;2026-05-19;2;"T1 2.0T AWD 8AT B/O";JETOUR;"ZONA DE ESPERA PINTURA";PENDIENTE;"Altos Andes S.A.C. ";"REVO WHOLESALE MAYO|COLOR MATE|"
"VARI OVALO";LVTDD24B9VDC08103;NEGRO;2026-05-26;2026-05-16;5;"T1 2.0T AWD 8AT B/O";JETOUR;"ZONA DE ESPERA PINTURA";PENDIENTE;"REVO MOTORS S.A. ";"VENTA REVO M 02.05|"
"VARI OVALO";LVTDD24BXVDC08112;PLATA;2026-05-21;2026-05-15;6;"T1 2.0T AWD 8AT B/O";JETOUR;"ZONA DE ESPERA PINTURA";PENDIENTE;"REVO MOTORS S.A. ";"VENTA REVO M 28.05|"
"VARI OVALO";LVTDD24B0VDC05123;NEGRO;2026-05-20;2026-05-14;7;"TRAVELLER T2 2.0T AWD 7DCT LIMITED B/R";JETOUR;"ZONA DE ESPERA PINTURA";PENDIENTE;"GACSA PERU S.A.C. ";"VENTA GACSA 27.03|"
"VARI OVALO";LVTDD24B3VDC05150;"NEGRO MATE";2026-05-26;2026-05-16;5;"TRAVELLER T2 2.0T AWD 7DCT LIMITED B/R";JETOUR;"ZONA DE ESPERA PINTURA";PENDIENTE;"REVO MOTORS S.A. ";"VENTA REVO CL 44958 07.04|"
"VARI OVALO";LVTDD24B4VDC05139;GRIS;2026-05-21;2026-05-15;6;"TRAVELLER T2 2.0T AWD 7DCT LIMITED B/R";JETOUR;"ZONA DE ESPERA PINTURA";PENDIENTE;"REVO MOTORS S.A. ";"VENTA REVO WH 14.04|COLOR MATE|"
"VARI OVALO";LVTDD24B6VDC05143;VERDE;2026-05-26;2026-05-16;5;"TRAVELLER T2 2.0T AWD 7DCT LIMITED B/R";JETOUR;"ZONA DE ESPERA PINTURA";PENDIENTE;"REVO MOTORS S.A. ";"VENTA REVO M 27.04|COLOR MATE|"
"VARI OVALO";LVTDD24B8VDC05127;PLATA;2026-05-26;2026-05-16;5;"TRAVELLER T2 2.0T AWD 7DCT LIMITED B/R";JETOUR;"ZONA DE ESPERA PINTURA";PENDIENTE;"REVO MOTORS S.A. ";"VENTA REVO WH 14.04|"
"VARI OVALO";LVTDD24BXVDC05131;PLATA;2026-05-25;2026-05-19;2;"TRAVELLER T2 2.0T AWD 7DCT LIMITED B/R";JETOUR;"ZONA DE ESPERA PINTURA";PENDIENTE;"GACSA PERU S.A.C. ";"VENTA GACSA"
"VARI OVALO";LVTDD24B2VDC07620;BLANCO;2026-05-21;2026-05-15;6;"TRAVELLER T2 2.0T AWD 7DCT LIMITED B/R";JETOUR;"ZONA DE ESPERA PINTURA";PENDIENTE;"REVO MOTORS S.A. ";"VENTA REVO OVERLAND 27.03|"
"VARI OVALO";LVTDD24B2VDC07634;NEGRO;2026-05-27;2026-05-19;2;"TRAVELLER T2 2.0T AWD 7DCT LIMITED B/R";JETOUR;"ZONA DE ESPERA PINTURA";PENDIENTE;"Altos Andes S.A.C. ";"REVO WHOLESALE MAYO||"
"VARI OVALO";LVTDD24B2VDC07665;VERDE;2026-05-26;2026-05-16;5;"TRAVELLER T2 2.0T AWD 7DCT LIMITED B/R";JETOUR;"ZONA DE ESPERA PINTURA";PENDIENTE;"REVO MOTORS S.A. ";"VENTA REVO WH 14.03|COLOR MATE|"
"VARI OVALO";LVTDD24B3VDC07643;PLATA;2026-05-26;2026-05-16;5;"TRAVELLER T2 2.0T AWD 7DCT LIMITED B/R";JETOUR;"ZONA DE ESPERA PINTURA";PENDIENTE;"REVO MOTORS S.A. ";"VENTA REVO WH 14.03|"
"VARI OVALO";LVTDD24B4VDC07618;"NEGRO MATE";2026-05-26;2026-05-16;5;"TRAVELLER T2 2.0T AWD 7DCT LIMITED B/R";JETOUR;"ZONA DE ESPERA PINTURA";PENDIENTE;"REVO MOTORS S.A. ";"VENTA REVO WH 14.04|COLOR MATE|"
"VARI OVALO";LVTDD24B4VDC07652;GRIS;2026-05-26;2026-05-16;5;"TRAVELLER T2 2.0T AWD 7DCT LIMITED B/R";JETOUR;"ZONA DE ESPERA PINTURA";PENDIENTE;"REVO MOTORS S.A. ";"VENTA REVO WH 14.03|COLOR MATE|"
"VARI OVALO";LVTDD24B6VDC07619;BLANCO;2026-05-26;2026-05-16;5;"TRAVELLER T2 2.0T AWD 7DCT LIMITED B/R";JETOUR;"ZONA DE ESPERA PINTURA";PENDIENTE;"REVO MOTORS S.A. ";"VENTA REVO WH 14.03|"
"VARI OVALO";LVTDD24B7VDC07631;NEGRO;2026-05-21;2026-05-15;6;"TRAVELLER T2 2.0T AWD 7DCT LIMITED B/R";JETOUR;"ZONA DE ESPERA PINTURA";PENDIENTE;"REVO MOTORS S.A. ";"VENTA REVO WH 14.03|"
"VARI OVALO";LVTDD24B7VDC07662;VERDE;2026-05-27;2026-05-19;2;"TRAVELLER T2 2.0T AWD 7DCT LIMITED B/R";JETOUR;"ZONA DE ESPERA PINTURA";PENDIENTE;"Altos Andes S.A.C. ";"REVO WHOLESALE MAYO|COLOR MATE|"
"VARI OVALO";LVTDD24B8VDC07640;PLATA;2026-05-26;2026-05-16;5;"TRAVELLER T2 2.0T AWD 7DCT LIMITED B/R";JETOUR;"ZONA DE ESPERA PINTURA";PENDIENTE;"REVO MOTORS S.A. ";"VENTA REVO WH 14.04|"
"VARI OVALO";LVTDB11B8VH502151;AZUL;2026-05-18;2026-05-11;10;"X70FL 1,5T 6MT 4X2 DELUXE";JETOUR;"ZONA DE ESPERA PINTURA";PENDIENTE;"Altos Andes S.A.C. ";"VENTA REVO WH GLPABR 20.03|"
"VARI OVALO";LVTDB11B1VH501892;"GRIS NARDO";2026-05-08;2026-04-30;21;"X70FL 1,5T 6MT 4X2 FULL";JETOUR;"ZONA DE ESPERA PINTURA";PENDIENTE;"AION S.A.C. ";"VENTA AION GLP 20.03|"
"VARI OVALO";LVTDB11B0VH502595;BLANCO;2026-05-21;2026-05-14;7;"X70FL 1,5T 6MT 4X2 FULL";JETOUR;"ZONA DE ESPERA PINTURA";PENDIENTE;"AION S.A.C. ";"VENTA AION GLP 27.03|"
"VARI OVALO";LVTDB11B0VH502600;BLANCO;2026-05-21;2026-05-14;7;"X70FL 1,5T 6MT 4X2 FULL";JETOUR;"ZONA DE ESPERA PINTURA";PENDIENTE;"AION S.A.C. ";"VENTA AION GLP 27.03|"
"VARI OVALO";LVTDB11B0VH502709;"GRIS NARDO";2026-05-21;2026-05-14;7;"X70FL 1,5T 6MT 4X2 FULL";JETOUR;"ZONA DE ESPERA PINTURA";PENDIENTE;"AION S.A.C. ";"VENTA AION GLP 27.03|"
"VARI OVALO";LVTDB11B0VH502712;"GRIS NARDO";2026-05-21;2026-05-14;7;"X70FL 1,5T 6MT 4X2 FULL";JETOUR;"ZONA DE ESPERA PINTURA";PENDIENTE;"AION S.A.C. ";"VENTA AION GLP 27.03|"
"VARI OVALO";LVTDB11B0VH502743;"GRIS NARDO";2026-05-20;2026-05-13;8;"X70FL 1,5T 6MT 4X2 FULL";JETOUR;"ZONA DE ESPERA PINTURA";PENDIENTE;"AUTOC. DEL CENTRO S.A.C ";"VENTA AUTOCAMIONES GLP 28.03|"
"VARI OVALO";LVTDB11B0VH502757;"GRIS NARDO";2026-05-20;2026-05-13;8;"X70FL 1,5T 6MT 4X2 FULL";JETOUR;"ZONA DE ESPERA PINTURA";PENDIENTE;"AUTOC. DEL CENTRO S.A.C ";"VENTA AUTOCAMIONES GLP 27.03|"
"VARI OVALO";LVTDB11B0VH503049;NEGRO;2026-05-21;2026-05-14;7;"X70FL 1,5T 6MT 4X2 FULL";JETOUR;"ZONA DE ESPERA PINTURA";PENDIENTE;"AION S.A.C. ";"VENTA AION GLP 27.03|"
"VARI OVALO";LVTDB11B0VH503066;NEGRO;2026-05-21;2026-05-14;7;"X70FL 1,5T 6MT 4X2 FULL";JETOUR;"ZONA DE ESPERA PINTURA";PENDIENTE;"AION S.A.C. ";"VENTA AION GLP 27.03|"
"VARI OVALO";LVTDB11B0VH503116;NEGRO;2026-05-19;2026-05-12;9;"X70FL 1,5T 6MT 4X2 FULL";JETOUR;"ZONA DE ESPERA PINTURA";PENDIENTE;"AUTOC. DEL CENTRO S.A.C ";"VENTA AUTOCAMIONES GLP 27.03|"
"VARI OVALO";LVTDB11B0VH503150;AZUL;2026-05-21;2026-05-14;7;"X70FL 1,5T 6MT 4X2 FULL";JETOUR;"ZONA DE ESPERA PINTURA";PENDIENTE;"AION S.A.C. ";"VENTA AION GLP 27.03|"
"VARI OVALO";LVTDB11B0VH503164;AZUL;2026-05-21;2026-05-14;7;"X70FL 1,5T 6MT 4X2 FULL";JETOUR;"ZONA DE ESPERA PINTURA";PENDIENTE;"AION S.A.C. ";"VENTA AION GLP 27.03|"
"VARI OVALO";LVTDB11B0VH503181;AZUL;2026-05-22;2026-05-15;6;"X70FL 1,5T 6MT 4X2 FULL";JETOUR;"ZONA DE ESPERA PINTURA";PENDIENTE;"AION S.A.C. ";"VENTA AION GLP 27.03|"
"VARI OVALO";LVTDB11B0VH503214;AZUL;2026-05-20;2026-05-13;8;"X70FL 1,5T 6MT 4X2 FULL";JETOUR;"ZONA DE ESPERA PINTURA";PENDIENTE;"AUTOC. DEL CENTRO S.A.C ";"VENTA AUTOCAMIONES GLP 27.03|"
"VARI OVALO";LVTDB11B1VH502735;"GRIS NARDO";2026-05-22;2026-05-15;6;"X70FL 1,5T 6MT 4X2 FULL";JETOUR;"ZONA DE ESPERA PINTURA";PENDIENTE;"GACSA PERU S.A.C. ";"VENTA GACSA GLP 27.03|"
"VARI OVALO";LVTDB11B1VH503111;NEGRO;2026-05-22;2026-05-15;6;"X70FL 1,5T 6MT 4X2 FULL";JETOUR;"ZONA DE ESPERA PINTURA";PENDIENTE;"GACSA PERU S.A.C. ";"VENTA GACSA GLP 27.03|"
"VARI OVALO";LVTDB11B1VH503142;AZUL;2026-05-21;2026-05-14;7;"X70FL 1,5T 6MT 4X2 FULL";JETOUR;"ZONA DE ESPERA PINTURA";PENDIENTE;"SUR MOTORS S.A. ";"VENTA SUR MOTORS GLP 23.04|"
"VARI OVALO";LVTDB11B1VH503156;AZUL;2026-05-21;2026-05-14;7;"X70FL 1,5T 6MT 4X2 FULL";JETOUR;"ZONA DE ESPERA PINTURA";PENDIENTE;"SUR MOTORS S.A. ";"VENTA SUR MOTORS GLP 23.04|"
"VARI OVALO";LVTDB11B1VH503173;AZUL;2026-05-20;2026-05-13;8;"X70FL 1,5T 6MT 4X2 FULL";JETOUR;"ZONA DE ESPERA PINTURA";PENDIENTE;"AUTOSHOP PERU S.A.C. ";"VENTA AUTOSHOP GLP 27.03|"
"VARI OVALO";LVTDB11B1VH503190;AZUL;2026-05-21;2026-05-14;7;"X70FL 1,5T 6MT 4X2 FULL";JETOUR;"ZONA DE ESPERA PINTURA";PENDIENTE;"AION S.A.C. ";"VENTA AION GLP 23.04|"
"VARI OVALO";LVTDB11B1VH503206;AZUL;2026-05-22;2026-05-15;6;"X70FL 1,5T 6MT 4X2 FULL";JETOUR;"ZONA DE ESPERA PINTURA";PENDIENTE;"GACSA PERU S.A.C. ";"VENTA GACSA GLP 27.03|"
"VARI OVALO";LVTDB11B2VH502582;BLANCO;2026-05-22;2026-05-15;6;"X70FL 1,5T 6MT 4X2 FULL";JETOUR;"ZONA DE ESPERA PINTURA";PENDIENTE;"GACSA PERU S.A.C. ";"VENTA GACSA GLP 27.03|"
"VARI OVALO";LVTDB11B2VH502596;BLANCO;2026-05-22;2026-05-15;6;"X70FL 1,5T 6MT 4X2 FULL";JETOUR;"ZONA DE ESPERA PINTURA";PENDIENTE;"GACSA PERU S.A.C. ";"VENTA GACSA GLP 27.03|"
"VARI OVALO";LVTDB11B2VH503070;NEGRO;2026-05-22;2026-05-15;6;"X70FL 1,5T 6MT 4X2 FULL";JETOUR;"ZONA DE ESPERA PINTURA";PENDIENTE;"GACSA PERU S.A.C. ";"VENTA GACSA GLP 27.03|"
"VARI OVALO";LVTDB11B2VH503103;NEGRO;2026-05-21;2026-05-14;7;"X70FL 1,5T 6MT 4X2 FULL";JETOUR;"ZONA DE ESPERA PINTURA";PENDIENTE;"AION S.A.C ";"VENTA AION GLP 23.04|"
"VARI OVALO";LVTDB11B2VH503151;AZUL;2026-05-22;2026-05-15;6;"X70FL 1,5T 6MT 4X2 FULL";JETOUR;"ZONA DE ESPERA PINTURA";PENDIENTE;"GACSA PERU S.A.C. ";"VENTA GACSA GLP 27.03|"
"VARI OVALO";LVTDB11B3VH502624;BLANCO;2026-05-20;2026-05-13;8;"X70FL 1,5T 6MT 4X2 FULL";JETOUR;"ZONA DE ESPERA PINTURA";PENDIENTE;"INTER. NORTE S.A.C. ";"VENTA INTER NORTE V GLP 04.04|"
"VARI OVALO";LVTDB11B3VH502686;"GRIS NARDO";2026-05-22;2026-05-15;6;"X70FL 1,5T 6MT 4X2 FULL";JETOUR;"ZONA DE ESPERA PINTURA";PENDIENTE;"IAAUTOS S.A.C. ";"VENTA IA GLP 27.03|"
"VARI OVALO";LVTDB11B3VH503062;NEGRO;2026-05-22;2026-05-15;6;"X70FL 1,5T 6MT 4X2 FULL";JETOUR;"ZONA DE ESPERA PINTURA";PENDIENTE;"IAAUTOS S.A.C. ";"VENTA IA GLP 27.03|"
"VARI OVALO";LVTDB11B3VH503093;NEGRO;2026-05-22;2026-05-15;6;"X70FL 1,5T 6MT 4X2 FULL";JETOUR;"ZONA DE ESPERA PINTURA";PENDIENTE;"IAAUTOS S.A.C. ";"VENTA IA GLP 27.03|"
"VARI OVALO";LVTDB11B4VH502583;BLANCO;2026-05-21;2026-05-14;7;"X70FL 1,5T 6MT 4X2 FULL";JETOUR;"ZONA DE ESPERA PINTURA";PENDIENTE;"INTER. TRUJILLO S.A. ";"VENTA INTER TRUJILLO V GLP 04.04|"
"VARI OVALO";LVTDB11B4VH502602;BLANCO;2026-05-21;2026-05-14;7;"X70FL 1,5T 6MT 4X2 FULL";JETOUR;"ZONA DE ESPERA PINTURA";PENDIENTE;"INTER. TRUJILLO S.A. ";"VENTA INTER TRUJILLO V GLP 04.04|"
"VARI OVALO";LVTDB11B4VH502714;"GRIS NARDO";2026-05-21;2026-05-14;7;"X70FL 1,5T 6MT 4X2 FULL";JETOUR;"ZONA DE ESPERA PINTURA";PENDIENTE;"INTER. TRUJILLO S.A. ";"VENTA INTER TRUJILLO GLP 06.04|"
"VARI OVALO";LVTDB11B4VH502762;"GRIS NARDO";2026-05-22;2026-05-15;6;"X70FL 1,5T 6MT 4X2 FULL";JETOUR;"ZONA DE ESPERA PINTURA";PENDIENTE;"EAFC MAQUISISTEMA S.A. ";"VENTA MAQUI GLP 27.03|"
"VARI OVALO";LVTDB11B4VH502874;BLANCO;2026-05-21;2026-05-14;7;"X70FL 1,5T 6MT 4X2 FULL";JETOUR;"ZONA DE ESPERA PINTURA";PENDIENTE;"INTER. TRUJILLO S.A. ";"VENTA INTER TRUJILLO V GLP 04.04|"
"VARI OVALO";LVTDB11B4VH502907;BLANCO;2026-05-22;2026-05-15;6;"X70FL 1,5T 6MT 4X2 FULL";JETOUR;"ZONA DE ESPERA PINTURA";PENDIENTE;"EAFC MAQUISISTEMA S.A. ";"VENTA MAQUI GLP 27.03|"
"VARI OVALO";LVTDB11B4VH503037;NEGRO;2026-05-20;2026-05-13;8;"X70FL 1,5T 6MT 4X2 FULL";JETOUR;"ZONA DE ESPERA PINTURA";PENDIENTE;"INTER. NORTE S.A.C. ";"VENTA INTER NORTE GLP VI|"
"VARI OVALO";LVTDB11B4VH503040;NEGRO;2026-05-20;2026-05-13;8;"X70FL 1,5T 6MT 4X2 FULL";JETOUR;"ZONA DE ESPERA PINTURA";PENDIENTE;"INTER. NORTE S.A.C. ";"VENTA INTER NORTE GLP VI|"
"VARI OVALO";LVTDB11B4VH503099;NEGRO;2026-05-21;2026-05-14;7;"X70FL 1,5T 6MT 4X2 FULL";JETOUR;"ZONA DE ESPERA PINTURA";PENDIENTE;"INTER. TRUJILLO S.A. ";"VENTA INTER TRUJILLO GLP 06.04||"
"VARI OVALO";LVTDB11B4VH503121;NEGRO;2026-05-21;2026-05-14;7;"X70FL 1,5T 6MT 4X2 FULL";JETOUR;"ZONA DE ESPERA PINTURA";PENDIENTE;"INTER. TRUJILLO S.A. ";"VENTA INTER TRUJILLO GLP 06.04||"
"VARI OVALO";LVTDB11B4VH503149;AZUL;2026-05-21;2026-05-14;7;"X70FL 1,5T 6MT 4X2 FULL";JETOUR;"ZONA DE ESPERA PINTURA";PENDIENTE;"INTER. TRUJILLO S.A. ";"VENTA INTER TRUJILLO V GLP 04.04|"
"VARI OVALO";LVTDB11B4VH503166;AZUL;2026-05-21;2026-05-14;7;"X70FL 1,5T 6MT 4X2 FULL";JETOUR;"ZONA DE ESPERA PINTURA";PENDIENTE;"INTER. TRUJILLO S.A. ";"VENTA INTER TRUJILLO V GLP 04.04|"
"VARI OVALO";LVTDB11B4VH503183;AZUL;2026-05-21;2026-05-14;7;"X70FL 1,5T 6MT 4X2 FULL";JETOUR;"ZONA DE ESPERA PINTURA";PENDIENTE;"INTER. TRUJILLO S.A. ";"VENTA INTER TRUJILLO V GLP 04.04|"
"VARI OVALO";LVTDB11B4VH503197;AZUL;2026-05-21;2026-05-14;7;"X70FL 1,5T 6MT 4X2 FULL";JETOUR;"ZONA DE ESPERA PINTURA";PENDIENTE;"INTER. TRUJILLO S.A. ";"VENTA INTER TRUJILLO V GLP 04.04|"
"VARI OVALO";LVTDB11B5VH502608;BLANCO;2026-05-22;2026-05-15;6;"X70FL 1,5T 6MT 4X2 FULL";JETOUR;"ZONA DE ESPERA PINTURA";PENDIENTE;"1222 PERU SAC ";"VENTA PLANETA GLP 27.03|"
"VARI OVALO";LVTDB11B5VH502673;"GRIS NARDO";2026-05-22;2026-05-15;6;"X70FL 1,5T 6MT 4X2 FULL";JETOUR;"ZONA DE ESPERA PINTURA";PENDIENTE;"EAFC MAQUISISTEMA S.A. ";"VENTA MAQUI GLP 27.03|"
"VARI OVALO";LVTDB11B5VH502740;"GRIS NARDO";2026-05-22;2026-05-15;6;"X70FL 1,5T 6MT 4X2 FULL";JETOUR;"ZONA DE ESPERA PINTURA";PENDIENTE;"REVO MOTORS S.A. ";"VENTA REVO WH GLP 27.03|"
"VARI OVALO";LVTDB11B5VH503063;NEGRO;2026-05-22;2026-05-15;6;"X70FL 1,5T 6MT 4X2 FULL";JETOUR;"ZONA DE ESPERA PINTURA";PENDIENTE;"EAFC MAQUISISTEMA S.A. ";"VENTA MAQUI GLP 27.03|"
"VARI OVALO";LVTDB11B5VH503077;NEGRO;2026-05-22;2026-05-15;6;"X70FL 1,5T 6MT 4X2 FULL";JETOUR;"ZONA DE ESPERA PINTURA";PENDIENTE;"EAFC MAQUISISTEMA S.A. ";"VENTA MAQUI GLP 27.03|"
"VARI OVALO";LVTDB11B5VH503113;NEGRO;2026-05-22;2026-05-15;6;"X70FL 1,5T 6MT 4X2 FULL";JETOUR;"ZONA DE ESPERA PINTURA";PENDIENTE;"1222 PERU SAC ";"VENTA PLANETA GLP 27.03|"
"VARI OVALO";LVTDB11B5VH503189;AZUL;2026-05-22;2026-05-15;6;"X70FL 1,5T 6MT 4X2 FULL";JETOUR;"ZONA DE ESPERA PINTURA";PENDIENTE;"1222 PERU SAC ";"VENTA PLANETA GLP 27.03|"
"VARI OVALO";LVTDB11B6VH502696;"GRIS NARDO";2026-05-22;2026-05-15;6;"X70FL 1,5T 6MT 4X2 FULL";JETOUR;"ZONA DE ESPERA PINTURA";PENDIENTE;"REVO MOTORS S.A. ";"VENTA REVO GLP 27.03|"
"VARI OVALO";LVTDB11B6VH502715;"GRIS NARDO";2026-05-26;2026-05-16;5;"X70FL 1,5T 6MT 4X2 FULL";JETOUR;"ZONA DE ESPERA PINTURA";PENDIENTE;"REVO MOTORS S.A. ";"VENTA REVO WH GLP 27.03|"
"VARI OVALO";LVTDB11B6VH503122;NEGRO;2026-05-26;2026-05-19;2;"X70FL 1,5T 6MT 4X2 FULL";JETOUR;"ZONA DE ESPERA PINTURA";PENDIENTE;"REVO MOTORS S.A. ";"VENTA REVO WH GLP 27.03|"
"VARI OVALO";LVTDB11B6VH503234;AZUL;2026-05-26;2026-05-19;2;"X70FL 1,5T 6MT 4X2 FULL";JETOUR;"ZONA DE ESPERA PINTURA";PENDIENTE;"REVO MOTORS S.A. ";"VENTA REVO WH GLP 27.03|"
"VARI OVALO";LVTDB11B7VH503114;NEGRO;2026-05-26;2026-05-16;5;"X70FL 1,5T 6MT 4X2 FULL";JETOUR;"ZONA DE ESPERA PINTURA";PENDIENTE;"REVO MOTORS S.A. ";"VENTA REVO WH GLP 27.03|"
"VARI OVALO";LVTDB11B8VH502909;BLANCO;2026-05-22;2026-05-15;6;"X70FL 1,5T 6MT 4X2 FULL";JETOUR;"ZONA DE ESPERA PINTURA";PENDIENTE;"PANDERO S.A. EAFC ";"VENTA PANDERO GLP 30.03|"
"VARI OVALO";LVTDB11B9VH502739;"GRIS NARDO";2026-05-21;2026-05-14;7;"X70FL 1,5T 6MT 4X2 FULL";JETOUR;"ZONA DE ESPERA PINTURA";PENDIENTE;"SUR MOTORS S.A. ";"VENTA SUR MOTORS IV GLP 2 02.04|"
"VARI OVALO";LVTDB11B9VH503048;NEGRO;2026-05-27;2026-05-19;2;"X70FL 1,5T 6MT 4X2 FULL";JETOUR;"ZONA DE ESPERA PINTURA";PENDIENTE;"REVO MOTORS S.A. ";"VENTA REVO WH GLP 27.03|"
"VARI OVALO";LVTDB11B5VH501409;BLANCO;2026-05-19;2026-05-12;9;"X70FL 1,5T 6MT 4X2 FULL";JETOUR;"ZONA DE ESPERA PINTURA";PENDIENTE;"AUTOCAMIONES DEL CENTRO S.A.C ";"VENTA AUTOCAMIONES DEL CENTRO"
"VARI OVALO";LVTDB11B6VH501404;BLANCO;2026-05-19;2026-05-12;9;"X70FL 1,5T 6MT 4X2 FULL";JETOUR;"ZONA DE ESPERA PINTURA";PENDIENTE;"INTERAMERICANA NORTE S.A.C. ";"VENTA INTERAMERICANA NORTE"
"VARI OVALO";LVTDB11B7VH501959;"GRIS NARDO";2026-05-18;2026-05-11;10;"X70FL 1,5T 6MT 4X2 FULL";JETOUR;"ZONA DE ESPERA PINTURA";PENDIENTE;"Altos Andes S.A.C. ";"VENTA SUR MOTORS GLP 19.03|"
"VARI OVALO";LVTDB11BXVH501731;AZUL;2026-05-19;2026-05-12;9;"X70FL 1,5T 6MT 4X2 FULL";JETOUR;"ZONA DE ESPERA PINTURA";PENDIENTE;"INTERAMERICANA TRUJILLO S.A. ";"VENTA INTERAMERICANA TRUJILLO"
"VARI OVALO";LVTDB11B0VH503052;NEGRO;2026-05-20;2026-05-14;7;"X70FL 1.5T 6MT 4X2 FULL";JETOUR;"ZONA DE ESPERA PINTURA";PENDIENTE;"AION S.A.C. ";"VENTA AION 27.03|"
"VARI OVALO";LVTDB11B1VH502749;"GRIS NARDO";2026-05-20;2026-05-14;7;"X70FL 1.5T 6MT 4X2 FULL";JETOUR;"ZONA DE ESPERA PINTURA";PENDIENTE;"GACSA PERU S.A.C. ";"VENTA GACSA 27.03|"
"VARI OVALO";LVTDB11B1VH502766;"GRIS NARDO";2026-05-20;2026-05-14;7;"X70FL 1.5T 6MT 4X2 FULL";JETOUR;"ZONA DE ESPERA PINTURA";PENDIENTE;"GACSA PERU S.A.C. ";"VENTA GACSA 27.03|"
"VARI OVALO";LVTDB11B1VH503125;NEGRO;2026-05-20;2026-05-14;7;"X70FL 1.5T 6MT 4X2 FULL";JETOUR;"ZONA DE ESPERA PINTURA";PENDIENTE;"GACSA PERU S.A.C. ";"VENTA GACSA 27.03|"
"VARI OVALO";LVTDB11B2VH502694;"GRIS NARDO";2026-05-20;2026-05-14;7;"X70FL 1.5T 6MT 4X2 FULL";JETOUR;"ZONA DE ESPERA PINTURA";PENDIENTE;"GACSA PERU S.A.C. ";"VENTA GACSA 27.03|"
"VARI OVALO";LVTDB11B2VH503117;NEGRO;2026-05-19;2026-05-12;9;"X70FL 1.5T 6MT 4X2 FULL";JETOUR;"ZONA DE ESPERA PINTURA";PENDIENTE;"HS TALLERES S.R.L. ";"VENTA HS TALLERES 01.04|"
"VARI OVALO";LVTDB11B2VH503165;AZUL;2026-05-20;2026-05-14;7;"X70FL 1.5T 6MT 4X2 FULL";JETOUR;"ZONA DE ESPERA PINTURA";PENDIENTE;"GACSA PERU S.A.C. ";"VENTA GACSA 27.03|"
"VARI OVALO";LVTDB11B2VH503215;AZUL;2026-05-19;2026-05-12;9;"X70FL 1.5T 6MT 4X2 FULL";JETOUR;"ZONA DE ESPERA PINTURA";PENDIENTE;"HS TALLERES S.R.L. ";"VENTA HS TALLERES 01.04|"
"VARI OVALO";LVTDB11B2VH503232;AZUL;2026-05-20;2026-05-14;7;"X70FL 1.5T 6MT 4X2 FULL";JETOUR;"ZONA DE ESPERA PINTURA";PENDIENTE;"IAAUTOS S.A.C. ";"VENTA IA 27.02|"
"VARI OVALO";LVTDB11B3VH502607;BLANCO;2026-05-22;2026-05-15;6;"X70FL 1.5T 6MT 4X2 FULL";JETOUR;"ZONA DE ESPERA PINTURA";PENDIENTE;"IAAUTOS S.A.C. ";"VENTA IA GLP 27.03|"
"VARI OVALO";LVTDB11B3VH502672;"GRIS NARDO";2026-05-20;2026-05-14;7;"X70FL 1.5T 6MT 4X2 FULL";JETOUR;"ZONA DE ESPERA PINTURA";PENDIENTE;"IAAUTOS S.A.C. ";"VENTA IA 27.03|"
"VARI OVALO";LVTDB11B3VH502705;"GRIS NARDO";2026-05-20;2026-05-14;7;"X70FL 1.5T 6MT 4X2 FULL";JETOUR;"ZONA DE ESPERA PINTURA";PENDIENTE;"IAAUTOS S.A.C. ";"VENTA IA 27.03|"
"VARI OVALO";LVTDB11B3VH502753;"GRIS NARDO";2026-05-19;2026-05-12;9;"X70FL 1.5T 6MT 4X2 FULL";JETOUR;"ZONA DE ESPERA PINTURA";PENDIENTE;"INTER. NORTE S.A.C. ";"INTER NORTE VI GLP|"
"VARI OVALO";LVTDB11B3VH503059;NEGRO;2026-05-20;2026-05-14;7;"X70FL 1.5T 6MT 4X2 FULL";JETOUR;"ZONA DE ESPERA PINTURA";PENDIENTE;"IAAUTOS S.A.C. ";"VENTA IA 27.03|"
"VARI OVALO";LVTDB11B3VH503076;NEGRO;2026-05-20;2026-05-14;7;"X70FL 1.5T 6MT 4X2 FULL";JETOUR;"ZONA DE ESPERA PINTURA";PENDIENTE;"IAAUTOS S.A.C. ";"VENTA IA 27.03|"
"VARI OVALO";LVTDB11B3VH503143;AZUL;2026-05-21;2026-05-14;7;"X70FL 1.5T 6MT 4X2 FULL";JETOUR;"ZONA DE ESPERA PINTURA";PENDIENTE;"IAAUTOS S.A.C. ";"VENTA IA 27.03|"
"VARI OVALO";LVTDB11B3VH503157;AZUL;2026-05-21;2026-05-14;7;"X70FL 1.5T 6MT 4X2 FULL";JETOUR;"ZONA DE ESPERA PINTURA";PENDIENTE;"IAAUTOS S.A.C. ";"VENTA IA 27.03|"
"VARI OVALO";LVTDB11B5VH502592;BLANCO;2026-05-21;2026-05-14;7;"X70FL 1.5T 6MT 4X2 FULL";JETOUR;"ZONA DE ESPERA PINTURA";PENDIENTE;"PANDERO S.A. EAFC ";"VENTA PANDERO 27.03|"
"VARI OVALO";LVTDB11B5VH502687;"GRIS NARDO";2026-05-21;2026-05-14;7;"X70FL 1.5T 6MT 4X2 FULL";JETOUR;"ZONA DE ESPERA PINTURA";PENDIENTE;"PANDERO S.A. EAFC ";"VENTA PANDERO 04.04|"
"VARI OVALO";LVTDB11B5VH502690;"GRIS NARDO";2026-05-21;2026-05-14;7;"X70FL 1.5T 6MT 4X2 FULL";JETOUR;"ZONA DE ESPERA PINTURA";PENDIENTE;"PANDERO S.A. EAFC ";"VENTA PANDERO 06.04|"
"VARI OVALO";LVTDB11B5VH503127;NEGRO;2026-05-26;2026-05-16;5;"X70FL 1.5T 6MT 4X2 FULL";JETOUR;"ZONA DE ESPERA PINTURA";PENDIENTE;"REVO MOTORS S.A. ";"VENTA REVO 27.03|"
"VARI OVALO";LVTDB11B5VH503130;NEGRO;2026-05-21;2026-05-15;6;"X70FL 1.5T 6MT 4X2 FULL";JETOUR;"ZONA DE ESPERA PINTURA";PENDIENTE;"REVO MOTORS S.A. ";"VENTA REVO 27.03||"
"VARI OVALO";LVTDB11B5VH503144;AZUL;2026-05-21;2026-05-14;7;"X70FL 1.5T 6MT 4X2 FULL";JETOUR;"ZONA DE ESPERA PINTURA";PENDIENTE;"PANDERO S.A. EAFC ";"VENTA PANDERO 27.03|"
"VARI OVALO";LVTDB11B5VH503158;AZUL;2026-05-21;2026-05-15;6;"X70FL 1.5T 6MT 4X2 FULL";JETOUR;"ZONA DE ESPERA PINTURA";PENDIENTE;"PANDERO S.A. EAFC ";"VENTA PANDERO 27.03|"
"VARI OVALO";LVTDB11B5VH503208;AZUL;2026-05-21;2026-05-15;6;"X70FL 1.5T 6MT 4X2 FULL";JETOUR;"ZONA DE ESPERA PINTURA";PENDIENTE;"REVO MOTORS S.A. ";"VENTA REVO 27.03|"
"VARI OVALO";LVTDB11B5VH503211;AZUL;2026-05-21;2026-05-15;6;"X70FL 1.5T 6MT 4X2 FULL";JETOUR;"ZONA DE ESPERA PINTURA";PENDIENTE;"REVO MOTORS S.A. ";"VENTA REVO 27.03|"
"VARI OVALO";LVTDB11B6VH502584;BLANCO;2026-05-21;2026-05-15;6;"X70FL 1.5T 6MT 4X2 FULL";JETOUR;"ZONA DE ESPERA PINTURA";PENDIENTE;"REVO MOTORS S.A. ";"VENTA REVO WH MAYO 28.03|"
"VARI OVALO";LVTDB11B6VH502603;BLANCO;2026-05-22;2026-05-15;6;"X70FL 1.5T 6MT 4X2 FULL";JETOUR;"ZONA DE ESPERA PINTURA";PENDIENTE;"REVO MOTORS S.A. ";"VENTA REVO WH MAYO 28.03|"
"VARI OVALO";LVTDB11B6VH502617;BLANCO;2026-05-22;2026-05-15;6;"X70FL 1.5T 6MT 4X2 FULL";JETOUR;"ZONA DE ESPERA PINTURA";PENDIENTE;"REVO MOTORS S.A. ";"VENTA REVO WH MAYO 28.03|"
"VARI OVALO";LVTDB11B6VH502875;BLANCO;2026-05-22;2026-05-15;6;"X70FL 1.5T 6MT 4X2 FULL";JETOUR;"ZONA DE ESPERA PINTURA";PENDIENTE;"REVO MOTORS S.A. ";"VENTA REVO WH MAYO 28.03|"
"VARI OVALO";LVTDB11B6VH502892;BLANCO;2026-05-22;2026-05-15;6;"X70FL 1.5T 6MT 4X2 FULL";JETOUR;"ZONA DE ESPERA PINTURA";PENDIENTE;"REVO MOTORS S.A. ";"VENTA REVO WH MAYO 28.03|"
"VARI OVALO";LVTDB11B6VH502911;BLANCO;2026-05-22;2026-05-15;6;"X70FL 1.5T 6MT 4X2 FULL";JETOUR;"ZONA DE ESPERA PINTURA";PENDIENTE;"REVO MOTORS S.A. ";"VENTA REVO WH MAYO 28.03|"
"VARI OVALO";LVTDB11B6VH503038;NEGRO;2026-05-21;2026-05-15;6;"X70FL 1.5T 6MT 4X2 FULL";JETOUR;"ZONA DE ESPERA PINTURA";PENDIENTE;"REVO MOTORS S.A. ";"VENTA REVO 27.03|"
"VARI OVALO";LVTDB11B6VH503055;NEGRO;2026-05-21;2026-05-15;6;"X70FL 1.5T 6MT 4X2 FULL";JETOUR;"ZONA DE ESPERA PINTURA";PENDIENTE;"REVO MOTORS S.A. ";"VENTA REVO 27.03|"
"VARI OVALO";LVTDB11B6VH503170;AZUL;2026-05-21;2026-05-15;6;"X70FL 1.5T 6MT 4X2 FULL";JETOUR;"ZONA DE ESPERA PINTURA";PENDIENTE;"REVO MOTORS S.A. ";"VENTA REVO 27.03|"
"VARI OVALO";LVTDB11B7VH502593;BLANCO;2026-05-22;2026-05-15;6;"X70FL 1.5T 6MT 4X2 FULL";JETOUR;"ZONA DE ESPERA PINTURA";PENDIENTE;"REVO MOTORS S.A. ";"VENTA REVO WH MAYO 28.03|"
"VARI OVALO";LVTDB11B7VH502609;BLANCO;2026-05-22;2026-05-15;6;"X70FL 1.5T 6MT 4X2 FULL";JETOUR;"ZONA DE ESPERA PINTURA";PENDIENTE;"REVO MOTORS S.A. ";"VENTA REVO WH MAYO 28.03|"
"VARI OVALO";LVTDB11B7VH502612;BLANCO;2026-05-22;2026-05-15;6;"X70FL 1.5T 6MT 4X2 FULL";JETOUR;"ZONA DE ESPERA PINTURA";PENDIENTE;"REVO MOTORS S.A. ";"VENTA REVO WH MAYO 28.03|"
"VARI OVALO";LVTDB11B7VH502724;"GRIS NARDO";2026-05-22;2026-05-15;6;"X70FL 1.5T 6MT 4X2 FULL";JETOUR;"ZONA DE ESPERA PINTURA";PENDIENTE;"REVO MOTORS S.A. ";"VENTA REVO WH MAYO 28.03|"
"VARI OVALO";LVTDB11B7VH502738;"GRIS NARDO";2026-05-22;2026-05-15;6;"X70FL 1.5T 6MT 4X2 FULL";JETOUR;"ZONA DE ESPERA PINTURA";PENDIENTE;"REVO MOTORS S.A. ";"VENTA REVO WH MAYO 28.03|"
"VARI OVALO";LVTDB11B7VH502769;"GRIS NARDO";2026-05-26;2026-05-16;5;"X70FL 1.5T 6MT 4X2 FULL";JETOUR;"ZONA DE ESPERA PINTURA";PENDIENTE;"REVO MOTORS S.A. ";"VENTA REVO WH MAYO 28.03|"
"VARI OVALO";LVTDB11B7VH503212;AZUL;2026-05-26;2026-05-16;5;"X70FL 1.5T 6MT 4X2 FULL";JETOUR;"ZONA DE ESPERA PINTURA";PENDIENTE;"REVO MOTORS S.A. ";"VENTA REVO WH MAYO 28.03|"
"VARI OVALO";LVTDB11B8VH502912;BLANCO;2026-05-21;2026-05-14;7;"X70FL 1.5T 6MT 4X2 FULL";JETOUR;"ZONA DE ESPERA PINTURA";PENDIENTE;"IAAUTOS S.A.C. ";"VENTA IA 30.03|"
"VARI OVALO";LVTDB11B9VH502594;BLANCO;2026-05-21;2026-05-14;7;"X70FL 1.5T 6MT 4X2 FULL";JETOUR;"ZONA DE ESPERA PINTURA";PENDIENTE;"PANDERO S.A. EAFC ";"VENTA PANDERO 04.04|"
"VARI OVALO";LVTDB11B9VH502711;"GRIS NARDO";2026-05-20;2026-05-13;8;"X70FL 1.5T 6MT 4X2 FULL";JETOUR;"ZONA DE ESPERA PINTURA";PENDIENTE;"SUR MOTORS S.A. ";"VENTA SUR MOTORS IV G2 02.04|"
"VARI OVALO";LVTDB11B9VH502725;"GRIS NARDO";2026-05-20;2026-05-13;8;"X70FL 1.5T 6MT 4X2 FULL";JETOUR;"ZONA DE ESPERA PINTURA";PENDIENTE;"SUR MOTORS S.A. ";"VENTA SUR MOTORS IV G2 02.04|"
"VARI OVALO";LVTDB11B9VH502742;"GRIS NARDO";2026-05-20;2026-05-13;8;"X70FL 1.5T 6MT 4X2 FULL";JETOUR;"ZONA DE ESPERA PINTURA";PENDIENTE;"SUR MOTORS S.A. ";"VENTA SUR MOTORS IV G2 02.04|"
"VARI OVALO";LVTDB11B9VH502899;BLANCO;2026-05-19;2026-05-13;8;"X70FL 1.5T 6MT 4X2 FULL";JETOUR;"ZONA DE ESPERA PINTURA";PENDIENTE;"SUR MOTORS S.A. ";"VENTA SUR MOTORS IV G1 02.04|"
"VARI OVALO";LVTDB11B9VH503082;NEGRO;2026-05-20;2026-05-13;8;"X70FL 1.5T 6MT 4X2 FULL";JETOUR;"ZONA DE ESPERA PINTURA";PENDIENTE;"SUR MOTORS S.A. ";"VENTA SUR MOTORS IV G2 02.04|"
"VARI OVALO";LVTDB11B9VH503096;NEGRO;2026-05-20;2026-05-13;8;"X70FL 1.5T 6MT 4X2 FULL";JETOUR;"ZONA DE ESPERA PINTURA";PENDIENTE;"SUR MOTORS S.A. ";"VENTA SUR MOTORS IV G2 02.04|"
"VARI OVALO";LVTDB11B9VH503101;NEGRO;2026-05-20;2026-05-13;8;"X70FL 1.5T 6MT 4X2 FULL";JETOUR;"ZONA DE ESPERA PINTURA";PENDIENTE;"SUR MOTORS S.A. ";"VENTA SUR MOTORS IV G2 02.04|"
"VARI OVALO";LVTDB11B9VH503115;NEGRO;2026-05-20;2026-05-13;8;"X70FL 1.5T 6MT 4X2 FULL";JETOUR;"ZONA DE ESPERA PINTURA";PENDIENTE;"SUR MOTORS S.A. ";"VENTA SUR MOTORS IV G2 02.04|"
"VARI OVALO";LVTDB11B9VH503129;NEGRO;2026-05-20;2026-05-13;8;"X70FL 1.5T 6MT 4X2 FULL";JETOUR;"ZONA DE ESPERA PINTURA";PENDIENTE;"SUR MOTORS S.A. ";"VENTA SUR MOTORS IV G2 02.04|"
"VARI OVALO";LVTDB11B9VH503194;AZUL;2026-05-19;2026-05-13;8;"X70FL 1.5T 6MT 4X2 FULL";JETOUR;"ZONA DE ESPERA PINTURA";PENDIENTE;"SUR MOTORS S.A. ";"VENTA SUR MOTORS IV G1 02.04|"
"VARI OVALO";LVTDB11BXVH502684;"GRIS NARDO";2026-05-20;2026-05-13;8;"X70FL 1.5T 6MT 4X2 FULL";JETOUR;"ZONA DE ESPERA PINTURA";PENDIENTE;"SUR MOTORS S.A. ";"VENTA SUR MOTORS IV G2 02.04|"
"VARI OVALO";LVTDB11BXVH502698;"GRIS NARDO";2026-05-20;2026-05-13;8;"X70FL 1.5T 6MT 4X2 FULL";JETOUR;"ZONA DE ESPERA PINTURA";PENDIENTE;"SUR MOTORS S.A. ";"VENTA SUR MOTORS IV G2 02.04|"
"VARI OVALO";LVTDB11BXVH503057;NEGRO;2026-05-20;2026-05-13;8;"X70FL 1.5T 6MT 4X2 FULL";JETOUR;"ZONA DE ESPERA PINTURA";PENDIENTE;"SUR MOTORS S.A. ";"VENTA SUR MOTORS IV G2 02.04|"
"VARI OVALO";LVTDB11BXVH503138;AZUL;2026-05-20;2026-05-13;8;"X70FL 1.5T 6MT 4X2 FULL";JETOUR;"ZONA DE ESPERA PINTURA";PENDIENTE;"SUR MOTORS S.A. ";"VENTA SUR MOTORS IV G1 02.04|"
"VARI OVALO";LVTDB11B2VH501934;"GRIS NARDO";2026-05-18;2026-05-12;9;"X70FL 1.5T 6MT 4X2 FULL";JETOUR;"ZONA DE ESPERA PINTURA";PENDIENTE;"IWAGEN S.A.C. ";"VENTA IWAGEN S.A.C."
"VARI OVALO";LVTDB11B8VH502005;NEGRO;2026-05-18;2026-05-12;9;"X70FL 1.5T 6MT 4X2 FULL";JETOUR;"ZONA DE ESPERA PINTURA";PENDIENTE;"AUTOS DEL SUR S.A.C. ";"VENTA AUTOS DEL SUR S.A.C."
"VARI OVALO";LS4ASL2E0TE158307;PLATA;2026-05-20;2026-05-16;5;"NEW V7 1.6 MEC PLUS";KYC;"ZONA DE ESPERA PINTURA";PENDIENTE;"INTER. NORTE S.A.C. ";"ADELANTO PDI ZI - VENTA INTER. NORTE"
"VARI OVALO";LS4ASL2E7TE158479;GRIS;2026-05-20;2026-05-16;5;"NEW V7 1.6 MEC PLUS";KYC;"ZONA DE ESPERA PINTURA";PENDIENTE;"REVO MOTORS S.A. ";"VENTA REVO"
"VARI OVALO";LS4ASL2E3TE158754;"AZUL OSCURO";2026-05-21;2026-05-16;5;"NEW V7 1.6 MEC PLUS";KYC;"ZONA DE ESPERA PINTURA";PENDIENTE;"REVO MOTORS S.A. ";"VENTA REVO"
"VARI OVALO";LS4ASL2E1TE158882;"AZUL OSCURO";2026-05-20;2026-05-15;6;"NEW V7 1.6 MEC PLUS";KYC;"ZONA DE ESPERA PINTURA";PENDIENTE;"REVO MOTORS S.A. ";"VENTA REVO"
"VARI OVALO";LS4ASL2E2TE158843;"BLANCO BEIGE";2026-05-20;2026-05-15;6;"NEW V7 1.6 MEC PLUS";KYC;"ZONA DE ESPERA PINTURA";PENDIENTE;"REVO MOTORS S.A. ";"VENTA REVO"
"VARI OVALO";LS4ASL2E4TE158746;GRIS;2026-05-20;2026-05-15;6;"NEW V7 1.6 MEC PLUS";KYC;"ZONA DE ESPERA PINTURA";PENDIENTE;"REVO MOTORS S.A. ";"VENTA REVO"
"VARI OVALO";LS4ASL2E4TE158861;GRIS;2026-05-20;2026-05-15;6;"NEW V7 1.6 MEC PLUS";KYC;"ZONA DE ESPERA PINTURA";PENDIENTE;"REVO MOTORS S.A. ";"VENTA REVO"
"VARI OVALO";LS4ASL2E7TE158868;BLANCO;2026-05-20;2026-05-14;7;"NEW V7 1.6 MEC PLUS";KYC;"ZONA DE ESPERA PINTURA";PENDIENTE;"REVO MOTORS S.A. ";"VENTA REVO MOTORS S.A."
"VARI OVALO";LS4ASL2E4TE494963;BLANCO;2026-05-20;2026-05-15;6;"NEW V7 1.6 MEC PLUS";KYC;"ZONA DE ESPERA PINTURA";PENDIENTE;"REVO MOTORS S.A. ";"VENTA REVO"
"VARI OVALO";LVTDB21B0TDA08251;NEGRO;2026-05-20;2026-05-14;7;"S06 1.5T 4X2 6DCT B";SOUEAST;"ZONA DE ESPERA PINTURA";PENDIENTE;"AION S.A.C. ";"VENTA AION"
"VARI OVALO";LVTDB21B2TDA08249;NEGRO;2026-05-20;2026-05-14;7;"S06 1.5T 4X2 6DCT B";SOUEAST;"ZONA DE ESPERA PINTURA";PENDIENTE;"AION S.A.C. ";"VENTA AION"
"VARI OVALO";LVTDB21B9TDA09494;BLANCO;2026-05-20;2026-05-14;7;"S06 1.5T 4X2 6DCT B";SOUEAST;"ZONA DE ESPERA PINTURA";PENDIENTE;"AION S.A.C. ";"VENTA AION"
"VARI OVALO";LVTDB21B2TDA11507;"GRIS OSCURO";2026-05-20;2026-05-14;7;"S06 1.5T 4X2 6DCT B";SOUEAST;"ZONA DE ESPERA PINTURA";PENDIENTE;"AION S.A.C. ";"VENTA AION"
"VARI OVALO";LVTDB21B0VDA04798;"AZUL OSCURO";2026-05-25;2026-05-16;5;"S07 1.5T 4X2 6DCT B";SOUEAST;"ZONA DE ESPERA PINTURA";PENDIENTE;"GACSA PERU S.A.C. ";"VENTA GACSA 04.04|"
"VARI OVALO";LVTDB21B1VDA04759;BLANCO;2026-05-25;2026-05-16;5;"S07 1.5T 4X2 6DCT B";SOUEAST;"ZONA DE ESPERA PINTURA";PENDIENTE;"REVO MOTORS S.A. ";"VENTA REVO CL 04.04|"
"VARI OVALO";LVTDB21B1VDA04776;NEGRO;2026-05-25;2026-05-16;5;"S07 1.5T 4X2 6DCT B";SOUEAST;"ZONA DE ESPERA PINTURA";PENDIENTE;"GACSA PERU S.A.C. ";"VENTA GACSA 01.04|"
"VARI OVALO";LVTDB21B1VDA04812;"GRIS OSCURO";2026-05-25;2026-05-16;5;"S07 1.5T 4X2 6DCT B";SOUEAST;"ZONA DE ESPERA PINTURA";PENDIENTE;"GACSA PERU S.A.C. ";"VENTA GACSA 01.04|"
"VARI OVALO";LVTDB21B2VDA04818;"GRIS OSCURO";2026-05-25;2026-05-16;5;"S07 1.5T 4X2 6DCT B";SOUEAST;"ZONA DE ESPERA PINTURA";PENDIENTE;"GACSA PERU S.A.C. ";"VENTA GACSA 01.04|"
"VARI OVALO";LVTDB21B3VDA04763;BLANCO;2026-05-25;2026-05-16;5;"S07 1.5T 4X2 6DCT B";SOUEAST;"ZONA DE ESPERA PINTURA";PENDIENTE;"CARPIO S.A.C. ";"VENTA CARPIO 04.04|"
"VARI OVALO";LVTDB21B3VDA04777;NEGRO;2026-05-23;2026-05-16;5;"S07 1.5T 4X2 6DCT B";SOUEAST;"ZONA DE ESPERA PINTURA";PENDIENTE;"AION S.A.C. ";"VENTA AION 07.04|"
"VARI OVALO";LVTDB21B3VDA04827;"BLANCO PERLA";2026-05-25;2026-05-16;5;"S07 1.5T 4X2 6DCT B";SOUEAST;"ZONA DE ESPERA PINTURA";PENDIENTE;"REVO MOTORS S.A. ";"VENTA REVO CL 44527 07.04|"
"VARI OVALO";LVTDB21B3VDA04830;"BLANCO PERLA";2026-05-25;2026-05-16;5;"S07 1.5T 4X2 6DCT B";SOUEAST;"ZONA DE ESPERA PINTURA";PENDIENTE;"PANDERO S.A. EAFC ";"VENTA PANDERO 10.04|"
"VARI OVALO";LVTDB21B5VDA04778;NEGRO;2026-05-25;2026-05-16;5;"S07 1.5T 4X2 6DCT B";SOUEAST;"ZONA DE ESPERA PINTURA";PENDIENTE;"GACSA PERU S.A.C. ";"VENTA GACSA 16.04|"
"VARI OVALO";LVTDB21B5VDA04781;NEGRO;2026-05-25;2026-05-16;5;"S07 1.5T 4X2 6DCT B";SOUEAST;"ZONA DE ESPERA PINTURA";PENDIENTE;"AUT. DEL CENTRO S.A.C ";"VENTA AUTOCAMIONES 08.04|"
"VARI OVALO";LVTDB21B8VDA04760;BLANCO;2026-05-25;2026-05-16;5;"S07 1.5T 4X2 6DCT B";SOUEAST;"ZONA DE ESPERA PINTURA";PENDIENTE;"INT. TRUJILLO S.A. ";"VENTA INTER TRUJILLO 04.04|"
"VARI OVALO";LVTDB21B8VDA04810;"GRIS OSCURO";2026-05-23;2026-05-16;5;"S07 1.5T 4X2 6DCT B";SOUEAST;"ZONA DE ESPERA PINTURA";PENDIENTE;"AION S.A.C. ";"VENTA AION 07.04|"
"VARI OVALO";LVTDB21B9VDA04797;"AZUL OSCURO";2026-05-25;2026-05-16;5;"S07 1.5T 4X2 6DCT B";SOUEAST;"ZONA DE ESPERA PINTURA";PENDIENTE;"REVO MOTORS S.A. ";"VENTA REVO 08.05|"
"VARI OVALO";LVTDB21BXVDA04811;"GRIS OSCURO";2026-05-25;2026-05-16;5;"S07 1.5T 4X2 6DCT B";SOUEAST;"ZONA DE ESPERA PINTURA";PENDIENTE;"REVO MOTORS S.A. ";"VENTA REVO 44685 08.04|"
"VARI OVALO";LVTDB11B0VDA04794;"AZUL OSCURO";2026-05-25;2026-05-16;5;"S07 1.5T 4X2 6MT B";SOUEAST;"ZONA DE ESPERA PINTURA";PENDIENTE;"IWAGEN S.A.C. ";"VENTA IWAGEN DEF 01.04|"
"VARI OVALO";LVTDB11B1VDA04755;BLANCO;2026-05-25;2026-05-16;5;"S07 1.5T 4X2 6MT B";SOUEAST;"ZONA DE ESPERA PINTURA";PENDIENTE;"SUR MOTORS S.A. ";"VENTA SUR MOTORS 01.04|"
"VARI OVALO";LVTDB11B1VDA04769;NEGRO;2026-05-25;2026-05-16;5;"S07 1.5T 4X2 6MT B";SOUEAST;"ZONA DE ESPERA PINTURA";PENDIENTE;"AUTOSHOP PERU S.A.C. ";"VENTA AUTOSHOP 07.04|"
"VARI OVALO";LVTDB11B1VDA04772;NEGRO;2026-05-25;2026-05-16;5;"S07 1.5T 4X2 6MT B";SOUEAST;"ZONA DE ESPERA PINTURA";PENDIENTE;"AUT. DEL CENTRO S.A.C ";"VENTA AUTOCAMIONES 01.04|"
"VARI OVALO";LVTDB11B3VDA04787;"AZUL OSCURO";2026-05-25;2026-05-16;5;"S07 1.5T 4X2 6MT B";SOUEAST;"ZONA DE ESPERA PINTURA";PENDIENTE;"INT. TRUJILLO S.A. ";"VENTA INTER TRUJILLO 07.04|"
"VARI OVALO";LVTDB11B3VDA04790;"AZUL OSCURO";2026-05-25;2026-05-16;5;"S07 1.5T 4X2 6MT B";SOUEAST;"ZONA DE ESPERA PINTURA";PENDIENTE;"SUR MOTORS S.A. ";"VENTA SUR MOTORS 07.04|"
"VARI OVALO";LVTDB11B3VDA04806;"GRIS OSCURO";2026-05-25;2026-05-16;5;"S07 1.5T 4X2 6MT B";SOUEAST;"ZONA DE ESPERA PINTURA";PENDIENTE;"HS TALLERES S.R.L. ";"VENTA HS TALLERES 01.07|"
"VARI OVALO";LVTDB11B3VDA04823;"BLANCO PERLA";2026-05-25;2026-05-16;5;"S07 1.5T 4X2 6MT B";SOUEAST;"ZONA DE ESPERA PINTURA";PENDIENTE;"HS TALLERES S.R.L. ";"VENTA HS TALLERES 01.04|"
"VARI OVALO";LVTDB11B5VDA04757;BLANCO;2026-05-25;2026-05-16;5;"S07 1.5T 4X2 6MT B";SOUEAST;"ZONA DE ESPERA PINTURA";PENDIENTE;"SUR MOTORS S.A. ";"VENTA SUR MOTORS CL 01.04|"
"VARI OVALO";LVTDB11B5VDA04774;NEGRO;2026-05-25;2026-05-16;5;"S07 1.5T 4X2 6MT B";SOUEAST;"ZONA DE ESPERA PINTURA";PENDIENTE;"AUTOSHOP PERU S.A.C. ";"VENTA AUTOSHOP 07.04|"
"VARI OVALO";LVTDB11B5VDA04788;"AZUL OSCURO";2026-05-25;2026-05-16;5;"S07 1.5T 4X2 6MT B";SOUEAST;"ZONA DE ESPERA PINTURA";PENDIENTE;"AUT. DEL CENTRO S.A.C ";"VENTA AUTOCAMIONES 07.04|"
"VARI OVALO";LVTDB11B5VDA04791;"AZUL OSCURO";2026-05-25;2026-05-16;5;"S07 1.5T 4X2 6MT B";SOUEAST;"ZONA DE ESPERA PINTURA";PENDIENTE;"AUT. DEL CENTRO S.A.C ";"VENTA AUTOCAMIONES 07.04|"
"VARI OVALO";LVTDB11B5VDA04807;"GRIS OSCURO";2026-05-25;2026-05-16;5;"S07 1.5T 4X2 6MT B";SOUEAST;"ZONA DE ESPERA PINTURA";PENDIENTE;"HS TALLERES S.R.L. ";"VENTA HS TALLERES 01.04|"
"VARI OVALO";LVTDB11B5VDA04824;"BLANCO PERLA";2026-05-25;2026-05-16;5;"S07 1.5T 4X2 6MT B";SOUEAST;"ZONA DE ESPERA PINTURA";PENDIENTE;"SUR MOTORS S.A. ";"VENTA SUR MOTORS 01.04|"
"VARI OVALO";LVTDB11B6VDA04752;BLANCO;2026-05-25;2026-05-16;5;"S07 1.5T 4X2 6MT B";SOUEAST;"ZONA DE ESPERA PINTURA";PENDIENTE;"AUTOSHOP PERU S.A.C. ";"VENTA AUTOSHOP 01.04|"
"VARI OVALO";LVTDB11B7VDA04758;BLANCO;2026-05-25;2026-05-16;5;"S07 1.5T 4X2 6MT B";SOUEAST;"ZONA DE ESPERA PINTURA";PENDIENTE;"HS TALLERES S.R.L. ";"VENTA HS TALLERES 01.04|"
"VARI OVALO";LVTDB11B7VDA04792;"AZUL OSCURO";2026-05-26;2026-05-16;5;"S07 1.5T 4X2 6MT B";SOUEAST;"ZONA DE ESPERA PINTURA";PENDIENTE;"SUR MOTORS S.A. ";"VENTA SUR MOTORS 07.04|"
"VARI OVALO";LVTDB11B8VDA04753;BLANCO;2026-05-25;2026-05-16;5;"S07 1.5T 4X2 6MT B";SOUEAST;"ZONA DE ESPERA PINTURA";PENDIENTE;"GACSA PERU S.A.C. ";"VENTA GACSA 01.04|"
"VARI OVALO";LVTDB11B8VDA04784;"AZUL OSCURO";2026-05-25;2026-05-16;5;"S07 1.5T 4X2 6MT B";SOUEAST;"ZONA DE ESPERA PINTURA";PENDIENTE;"HS TALLERES S.R.L. ";"VENTA HS TALLERES 08.04|"
"VARI OVALO";LVTDB11BXVDA04754;BLANCO;2026-05-25;2026-05-16;5;"S07 1.5T 4X2 6MT B";SOUEAST;"ZONA DE ESPERA PINTURA";PENDIENTE;"HS TALLERES S.R.L. ";"VENTA HS TALLERES 01.04|"
"VARI OVALO";LVTDB11BXVDA04768;NEGRO;2026-05-25;2026-05-16;5;"S07 1.5T 4X2 6MT B";SOUEAST;"ZONA DE ESPERA PINTURA";PENDIENTE;"GACSA PERU S.A.C. ";"VENTA GACSA 07.04|"
"VARI OVALO";LVTDB11BXVDA04771;NEGRO;2026-05-25;2026-05-16;5;"S07 1.5T 4X2 6MT B";SOUEAST;"ZONA DE ESPERA PINTURA";PENDIENTE;"AUT. DEL CENTRO S.A.C ";"VENTA AUTOCAMIONES 07.04|"
"VARI OVALO";LVTDB11BXVDA04821;"BLANCO PERLA";2026-05-25;2026-05-16;5;"S07 1.5T 4X2 6MT B";SOUEAST;"ZONA DE ESPERA PINTURA";PENDIENTE;"INT. TRUJILLO S.A. ";"VENTA INTER TRUJILLO 07.04|"
"VARI OVALO";LVTDB21B0VDA04834;"BLANCO PERLA";2026-05-23;2026-05-16;5;"S07 1.6T 4X2 7DCT B";SOUEAST;"ZONA DE ESPERA PINTURA";PENDIENTE;"AION S.A.C. ";"VENTA AION 07.04|"
"VARI OVALO";LVTDB21B0VDA04865;"GRIS OSCURO";2026-05-23;2026-05-16;5;"S07 1.6T 4X2 7DCT B";SOUEAST;"ZONA DE ESPERA PINTURA";PENDIENTE;"AION S.A.C. ";"VENTA AION 07.04||"
"VARI OVALO";LVTDB21B1VDA04843;NEGRO;2026-05-23;2026-05-16;5;"S07 1.6T 4X2 7DCT B";SOUEAST;"ZONA DE ESPERA PINTURA";PENDIENTE;"AION S.A.C. ";"VENTA AION 07.04||"
"VARI OVALO";LVTDB21B1VDA04857;"GRIS OSCURO";2026-05-23;2026-05-16;5;"S07 1.6T 4X2 7DCT B";SOUEAST;"ZONA DE ESPERA PINTURA";PENDIENTE;"AION S.A.C. ";"VENTA AION 07.04||"
"VARI OVALO";LVTDB21B2VDA04849;"AZUL OSCURO";2026-05-23;2026-05-16;5;"S07 1.6T 4X2 7DCT B";SOUEAST;"ZONA DE ESPERA PINTURA";PENDIENTE;"AION S.A.C. ";"VENTA AION 07.04||"
"VARI OVALO";LVTDB21B2VDA04852;"AZUL OSCURO";2026-05-23;2026-05-16;5;"S07 1.6T 4X2 7DCT B";SOUEAST;"ZONA DE ESPERA PINTURA";PENDIENTE;"AION S.A.C. ";"VENTA AION 07.04||"
"VARI OVALO";LVTDB21B3VDA04858;"GRIS OSCURO";2026-05-23;2026-05-16;5;"S07 1.6T 4X2 7DCT B";SOUEAST;"ZONA DE ESPERA PINTURA";PENDIENTE;"AION S.A.C. ";"VENTA AION 07.04||"
"VARI OVALO";LVTDB21B3VDA04861;"GRIS OSCURO";2026-05-23;2026-05-16;5;"S07 1.6T 4X2 7DCT B";SOUEAST;"ZONA DE ESPERA PINTURA";PENDIENTE;"AION S.A.C. ";"VENTA AION 07.04||"
"VARI OVALO";LVTDB21B4VDA04853;"AZUL OSCURO";2026-05-23;2026-05-16;5;"S07 1.6T 4X2 7DCT B";SOUEAST;"ZONA DE ESPERA PINTURA";PENDIENTE;"AION S.A.C. ";"VENTA AION 07.04||"
"VARI OVALO";LVTDB21B4VDA04867;BLANCO;2026-05-23;2026-05-16;5;"S07 1.6T 4X2 7DCT B";SOUEAST;"ZONA DE ESPERA PINTURA";PENDIENTE;"AION S.A.C. ";"VENTA AION 07.04||"
"VARI OVALO";LVTDB21B5VDA04845;NEGRO;2026-05-23;2026-05-16;5;"S07 1.6T 4X2 7DCT B";SOUEAST;"ZONA DE ESPERA PINTURA";PENDIENTE;"AION S.A.C. ";"VENTA AION 07.04||"
"VARI OVALO";LVTDB21B5VDA04859;"GRIS OSCURO";2026-05-23;2026-05-16;5;"S07 1.6T 4X2 7DCT B";SOUEAST;"ZONA DE ESPERA PINTURA";PENDIENTE;"AION S.A.C. ";"VENTA AION 07.04||"
"VARI OVALO";LVTDB21B6VDA04840;NEGRO;2026-05-23;2026-05-16;5;"S07 1.6T 4X2 7DCT B";SOUEAST;"ZONA DE ESPERA PINTURA";PENDIENTE;"AION S.A.C. ";"VENTA AION 07.04||"
"VARI OVALO";LVTDB21B6VDA04854;"AZUL OSCURO";2026-05-23;2026-05-16;5;"S07 1.6T 4X2 7DCT B";SOUEAST;"ZONA DE ESPERA PINTURA";PENDIENTE;"AION S.A.C. ";"VENTA AION 07.04||"
"VARI OVALO";LVTDB21B6VDA04868;BLANCO;2026-05-23;2026-05-16;5;"S07 1.6T 4X2 7DCT B";SOUEAST;"ZONA DE ESPERA PINTURA";PENDIENTE;"AION S.A.C. ";"VENTA AION 07.04||"
"VARI OVALO";LVTDB21B7VDA04846;"AZUL OSCURO";2026-05-25;2026-05-16;5;"S07 1.6T 4X2 7DCT B";SOUEAST;"ZONA DE ESPERA PINTURA";PENDIENTE;"REVO MOTORS S.A. ";"VENTA REVO CL 07.04|"
"VARI OVALO";LVTDB21B7VDA04863;"GRIS OSCURO";2026-05-25;2026-05-16;5;"S07 1.6T 4X2 7DCT B";SOUEAST;"ZONA DE ESPERA PINTURA";PENDIENTE;"AION S.A.C. ";"VENTA AION 07.04||"
"VARI OVALO";LVTDB21B8VDA04841;NEGRO;2026-05-25;2026-05-16;5;"S07 1.6T 4X2 7DCT B";SOUEAST;"ZONA DE ESPERA PINTURA";PENDIENTE;"AION S.A.C. ";"VENTA AION 07.04||"
"VARI OVALO";LVTDB21B8VDA04855;"AZUL OSCURO";2026-05-25;2026-05-16;5;"S07 1.6T 4X2 7DCT B";SOUEAST;"ZONA DE ESPERA PINTURA";PENDIENTE;"GACSA PERU S.A.C. ";"VENTA GACSA 07.04|"
"VARI OVALO";LVTDB21B9VDA04847;"AZUL OSCURO";2026-05-25;2026-05-16;5;"S07 1.6T 4X2 7DCT B";SOUEAST;"ZONA DE ESPERA PINTURA";PENDIENTE;"PANDERO S.A. EAFC ";"VENTA PANDERO 09.04|"
"VARI OVALO";LVTDB21B9VDA04864;"GRIS OSCURO";2026-05-25;2026-05-16;5;"S07 1.6T 4X2 7DCT B";SOUEAST;"ZONA DE ESPERA PINTURA";PENDIENTE;"AION S.A.C. ";"VENTA AION 07.04||"
"VARI OVALO";LVTDB21BXVDA04839;NEGRO;2026-05-25;2026-05-16;5;"S07 1.6T 4X2 7DCT B";SOUEAST;"ZONA DE ESPERA PINTURA";PENDIENTE;"AION S.A.C. ";"VENTA AION 07.04||"
"VARI OVALO";LVTDB21BXVDA04842;NEGRO;2026-05-25;2026-05-16;5;"S07 1.6T 4X2 7DCT B";SOUEAST;"ZONA DE ESPERA PINTURA";PENDIENTE;"AION S.A.C. ";"VENTA AION 07.04|"
"VARI OVALO";LVTDB21BXVDA04856;"GRIS OSCURO";2026-05-25;2026-05-16;5;"S07 1.6T 4X2 7DCT B";SOUEAST;"ZONA DE ESPERA PINTURA";PENDIENTE;"AION S.A.C. ";"VENTA AION 07.04||"
"VARI OVALO";3VWCR6BUXTM043751;"GRIS PLATINO";2026-05-18;2026-05-13;8;"JETTA TRENDLINE 250TSI, 1.4L";"VW Pasajeros";"ZONA DE ESPERA PINTURA";PENDIENTE;"EUROSHOP S.A. ";"EUROSHOP S.A. - LICITACIONES"
"VARI OVALO";3VWCR6BU3TM044871;"PLATA LUNA";2026-05-19;2026-05-14;7;"JETTA TRENDLINE 250TSI, 1.4L";"VW Pasajeros";"ZONA DE ESPERA PINTURA";PENDIENTE;"EUROSHOP S.A. ";"EUROSHOP S.A. - LICITACIONES"
"VARI OVALO";3VWCR6BU7TM044887;"PLATA LUNA";2026-04-29;2026-04-24;27;"JETTA TRENDLINE 250TSI, 1.4L";"VW Pasajeros";"ZONA DE ESPERA PINTURA";PENDIENTE;"EURO MOTORS S.A. ";"REVISAR: FUNDA POSTERIOR (RASPADO)"
"VARI OVALO";9BWCH6CH9TP035051;"ROJO SUNSET";2026-05-22;2026-05-16;5;"NIVUS COMFORTLINE 170 TSI MEC";"VW Pasajeros";"ZONA DE ESPERA PINTURA";PENDIENTE;"EURO MOTORS S.A. ";"ADELANTO DE PDI"
"VARI OVALO";9BWCH6CHXTP062016;"GRIS PLATINO";2026-05-20;2026-05-14;7;"NIVUS COMFORTLINE 200 TSI TIP";"VW Pasajeros";"ZONA DE ESPERA PINTURA";PENDIENTE;"IWAGEN S.A.C. ";"IWAGEN S.A.C."
"VARI OVALO";9BWCH6CHXTP062257;"GRIS PLATINO";2026-05-23;2026-05-19;2;"NIVUS COMFORTLINE 200 TSI TIP";"VW Pasajeros";"ZONA DE ESPERA PINTURA";PENDIENTE;"EURO MOTORS S.A. ";"EXHIBICION EUROSHOP SURQUILLO"
"VARI OVALO";9BWCH6CH4TP062299;"GRIS PLATINO";2026-05-23;2026-05-19;2;"NIVUS COMFORTLINE 200 TSI TIP";"VW Pasajeros";"ZONA DE ESPERA PINTURA";PENDIENTE;"EUROSHOP S.A. ";"EUROSHOP S.A. - VW Surquillo"
"VARI OVALO";9BWCH6CH6TP062045;"GRIS PLATINO";2026-05-23;2026-05-19;2;"NIVUS COMFORTLINE 200 TSI TIP";"VW Pasajeros";"ZONA DE ESPERA PINTURA";PENDIENTE;"EUROSHOP S.A. ";"EUROSHOP S.A. - VW Surquillo"
"VARI OVALO";9BWCH6CH6TP056522;"GRIS PIEDRA";2026-05-22;2026-05-16;5;"NIVUS HIGHLINE 200 TSI TIP";"VW Pasajeros";"ZONA DE ESPERA PINTURA";PENDIENTE;"EURO MOTORS S.A. ";"ADELANTO DE PDI"
"VARI OVALO";9BWAL5BZ8TT633956;"NEGRO NINJA";2026-05-22;2026-05-16;5;"POLO TRACK 1.6 MEC";"VW Pasajeros";"ZONA DE ESPERA PINTURA";PENDIENTE;"EURO MOTORS S.A. ";"ADELANTO DE PDI"
"VARI OVALO";9BWJL45U2TP034943R;"GRIS PIEDRA";2026-05-26;2026-05-20;1;"SAVEIRO COMFORTLINE CD 1.6 MEC";"VW Pasajeros";"ZONA DE ESPERA PINTURA";PENDIENTE;"EURO MOTORS S.A. ";"ADELANTO DE PDI"
"VARI OVALO";9BWBH6DF5TT391044;"GRIS PLATINO";2026-05-22;2026-05-16;5;"TERA COMFORT 170 TSI 1.0L TIP";"VW Pasajeros";"ZONA DE ESPERA PINTURA";PENDIENTE;"EURO MOTORS S.A. ";"ADELANTO DE PDI"
"VARI OVALO";9BWBH6DF6TT403153;"GRIS PLATINO";2026-05-22;2026-05-16;5;"TERA HIGH 170 TSI 1.0L TIP";"VW Pasajeros";"ZONA DE ESPERA PINTURA";PENDIENTE;"EURO MOTORS S.A. ";"ADELANTO DE PDI"
"VARI OVALO";9BWBL6DF8TT401564;"AZUL MALIBU";2026-05-22;2026-05-15;6;"TERA TREND 160 MSI 1.6L MEC";"VW Pasajeros";"ZONA DE ESPERA PINTURA";PENDIENTE;"EURO MOTORS S.A. ";"REVISAR: OVD SCANER"
"VARI OVALO";3VVDP6RM2TM088817;"VERDE AVOCADO";2026-05-22;2026-05-16;5;"TIGUAN LIFE 250TSI, 1.4L, 2WD";"VW Pasajeros";"ZONA DE ESPERA PINTURA";PENDIENTE;"EURO MOTORS S.A. ";"ADELANTO DE PDI"
"VARI OVALO";3VVDP6RM2TM089305;"GRIS PLATINO";2026-05-22;2026-05-16;5;"TIGUAN LIFE PLUS 250TSI, 1.4L, 2WD";"VW Pasajeros";"ZONA DE ESPERA PINTURA";PENDIENTE;"EURO MOTORS S.A. ";"ADELANTO DE PDI"
"VARI OVALO";3VVDP6RM8TM096808;"GRIS ASCOT";2026-05-22;2026-05-16;5;"TIGUAN LIFE PLUS 250TSI, 1.4L, 2WD";"VW Pasajeros";"ZONA DE ESPERA PINTURA";PENDIENTE;"EURO MOTORS S.A. ";"ADELANTO DE PDI"
"VARI OVALO";WAUZZZGU4T2017884;"Rojo Granadina";2026-05-25;2026-05-20;1;"Q5 Sportback Prestige TFSI 150 kW S tronic";AUDI;"ZONA DE ESPERA PROCESO PDI";PENDIENTE;"EURO MOTORS S.A. ";"EXHIBICION - AUDI DERBY"
"VARI OVALO";WAUZZZGY0TA088444;"Rojo Progresivo";2026-05-25;2026-05-20;1;"S3 Sportback TFSI quattro S tronic";AUDI;"ZONA DE ESPERA PROCESO PDI";PENDIENTE;"EURO MOTORS S.A. ";"EXHIBICION -AUDI DERBY"
"VARI OVALO";LVTDD24B8VDC07671;GRIS;2026-05-27;2026-05-19;2;"T1 2.0T AWD 8AT B/O";JETOUR;"ZONA DE ESPERA PROCESO PDI";PENDIENTE;"Altos Andes S.A.C. ";"REVO WHOLESALE MAYO|COLOR MATE|"
"VARI OVALO";LVTDD24B8VDC08111;PLATA;2026-05-29;2026-05-20;1;"T1 2.0T AWD 8AT B/O";JETOUR;"ZONA DE ESPERA PROCESO PDI";PENDIENTE;"PANDERO S.A. EAFC ";"VENTA PANDERO 15.04|"
"VARI OVALO";LVTDD24B2VDC07617;"NEGRO MATE";2026-05-28;2026-05-20;1;"TRAVELLER T2 2.0T AWD 7DCT LIMITED B/R";JETOUR;"ZONA DE ESPERA PROCESO PDI";PENDIENTE;"REVO MOTORS S.A. ";"VENTA REVO CL 44817 06.04|"
"VARI OVALO";LVTDD24B4VDC07649;GRIS;2026-05-26;2026-05-16;5;"TRAVELLER T2 2.0T AWD 7DCT LIMITED B/R";JETOUR;"ZONA DE ESPERA PROCESO PDI";PENDIENTE;"REVO MOTORS S.A. ";"VENTA REVO WH 14.04|COLOR MATE|"
"VARI OVALO";LVTDD24B8VDC07654;GRIS;2026-05-29;2026-05-20;1;"TRAVELLER T2 2.0T AWD 7DCT LIMITED B/R";JETOUR;"ZONA DE ESPERA PROCESO PDI";PENDIENTE;"AION S.A.C. ";"VENTA AION 14.04|"
"VARI OVALO";LVTDB11B4VH503135;NEGRO;2026-05-21;2026-05-14;7;"X70FL 1,5T 6MT 4X2 FULL";JETOUR;"ZONA DE ESPERA PROCESO PDI";PENDIENTE;"IWAGEN S.A.C. ";"VENTA IWAGEN IV GLP 01.04|"
"VARI OVALO";LVTDB11B6VH502679;"GRIS NARDO";2026-05-26;2026-05-16;5;"X70FL 1,5T 6MT 4X2 FULL";JETOUR;"ZONA DE ESPERA PROCESO PDI";PENDIENTE;"REVO MOTORS S.A. ";"VENTA REVO WH GLP 27.03|"
"VARI OVALO";LVTDB11B7VH502898;BLANCO;2026-05-27;2026-05-19;2;"X70FL 1,5T 6MT 4X2 FULL";JETOUR;"ZONA DE ESPERA PROCESO PDI";PENDIENTE;"REVO MOTORS S.A. ";"VENTA REVO WH GLP MAYO 28.03|"
"VARI OVALO";LVTDB11B7VH503145;AZUL;2026-05-26;2026-05-16;5;"X70FL 1,5T 6MT 4X2 FULL";JETOUR;"ZONA DE ESPERA PROCESO PDI";PENDIENTE;"REVO MOTORS S.A. ";"VENTA REVO WH GLP 27.03|"
"VARI OVALO";LVTDB11B8VH502599;BLANCO;2026-05-27;2026-05-19;2;"X70FL 1,5T 6MT 4X2 FULL";JETOUR;"ZONA DE ESPERA PROCESO PDI";PENDIENTE;"REVO MOTORS S.A. ";"VENTA REVO WH GLP MAYO 28.03|"
"VARI OVALO";LVTDB11B8VH503042;NEGRO;2026-05-27;2026-05-19;2;"X70FL 1,5T 6MT 4X2 FULL";JETOUR;"ZONA DE ESPERA PROCESO PDI";PENDIENTE;"REVO MOTORS S.A. ";"VENTA REVO WH GLP 27.03|"
"VARI OVALO";LVTDB11B9VH503079;NEGRO;2026-05-27;2026-05-19;2;"X70FL 1,5T 6MT 4X2 FULL";JETOUR;"ZONA DE ESPERA PROCESO PDI";PENDIENTE;"REVO MOTORS S.A. ";"VENTA REVO WH GLP 27.03|"
"VARI OVALO";LVTDB11B1VH503044;NEGRO;2026-05-28;2026-05-19;2;"X70FL 1.5T 6MT 4X2 FULL";JETOUR;"ZONA DE ESPERA PROCESO PDI";PENDIENTE;"AUTOC. DEL CENTRO S.A.C ";"VENTA AUTOCAMIONES 27.03|"
"VARI OVALO";LVTDB11B2VH503179;AZUL;2026-05-29;2026-05-20;1;"X70FL 1.5T 6MT 4X2 FULL";JETOUR;"ZONA DE ESPERA PROCESO PDI";PENDIENTE;"GACSA PERU S.A.C. ";"VENTA GACSA 27.03|"
"VARI OVALO";LVTDB11B4VH502700;"GRIS NARDO";2026-05-27;2026-05-19;2;"X70FL 1.5T 6MT 4X2 FULL";JETOUR;"ZONA DE ESPERA PROCESO PDI";PENDIENTE;"INTER. TRUJILLO S.A. ";"VENTA INTER TRUJILLO 06.04||"
"VARI OVALO";LVTDB11B4VH502891;BLANCO;2026-05-27;2026-05-19;2;"X70FL 1.5T 6MT 4X2 FULL";JETOUR;"ZONA DE ESPERA PROCESO PDI";PENDIENTE;"IWAGEN S.A.C. ";"VENTA IWAGEN IV 01.04|"
"VARI OVALO";LVTDB11B5VH503225;AZUL;2026-05-28;2026-05-20;1;"X70FL 1.5T 6MT 4X2 FULL";JETOUR;"ZONA DE ESPERA PROCESO PDI";PENDIENTE;"REVO MOTORS S.A. ";"VENTA REVO 27.03|"
"VARI OVALO";LVTDB11B8VH502621;BLANCO;2026-05-26;2026-05-19;2;"X70FL 1.5T 6MT 4X2 FULL";JETOUR;"ZONA DE ESPERA PROCESO PDI";PENDIENTE;"AUTOTAXI SATELITAL S.A.C. ";"VENTA SATELITAL 27.03|"
"VARI OVALO";LVTDB11B8VH502683;"GRIS NARDO";2026-05-28;2026-05-20;1;"X70FL 1.5T 6MT 4X2 FULL";JETOUR;"ZONA DE ESPERA PROCESO PDI";PENDIENTE;"REVO MOTORS S.A. ";"VENTA REVO WH MAYO 28.03|"
"VARI OVALO";LVTDB11B8VH502876;BLANCO;2026-05-28;2026-05-20;1;"X70FL 1.5T 6MT 4X2 FULL";JETOUR;"ZONA DE ESPERA PROCESO PDI";PENDIENTE;"AUTOTAXI SATELITAL S.A.C. ";"VENTA SATELITAL 27.03|"
"VARI OVALO";LVTDB11BXVH502605;BLANCO;2026-05-28;2026-05-20;1;"X70FL 1.5T 6MT 4X2 FULL";JETOUR;"ZONA DE ESPERA PROCESO PDI";PENDIENTE;"AUTOTAXI SATELITAL S.A.C. ";"VENTA SATELITAL 27.03|"
"VARI OVALO";LVTDB11BXVH502619;BLANCO;2026-05-26;2026-05-19;2;"X70FL 1.5T 6MT 4X2 FULL";JETOUR;"ZONA DE ESPERA PROCESO PDI";PENDIENTE;"AUTOTAXI SATELITAL S.A.C. ";"VENTA SATELITAL 27.03|"
"VARI OVALO";LVTDB11BXVH502720;"GRIS NARDO";2026-05-27;2026-05-19;2;"X70FL 1.5T 6MT 4X2 FULL";JETOUR;"ZONA DE ESPERA PROCESO PDI";PENDIENTE;"AUTOTAXI SATELITAL S.A.C. ";"VENTA SATELITAL 27.03|"
"VARI OVALO";LVTDB11BXVH502880;BLANCO;2026-05-27;2026-05-19;2;"X70FL 1.5T 6MT 4X2 FULL";JETOUR;"ZONA DE ESPERA PROCESO PDI";PENDIENTE;"AUTOTAXI SATELITAL S.A.C. ";"VENTA SATELITAL 27.03|"
"VARI OVALO";LVTDB11BXVH503110;NEGRO;2026-05-27;2026-05-19;2;"X70FL 1.5T 6MT 4X2 FULL";JETOUR;"ZONA DE ESPERA PROCESO PDI";PENDIENTE;"AUTOTAXI SATELITAL S.A.C. ";"VENTA SATELITAL 27.03|"
"VARI OVALO";LVTDB11BXVH503155;AZUL;2026-05-28;2026-05-20;1;"X70FL 1.5T 6MT 4X2 FULL";JETOUR;"ZONA DE ESPERA PROCESO PDI";PENDIENTE;"AUTOTAXI SATELITAL S.A.C. ";"VENTA SATELITAL 27.03|"
"VARI OVALO";LVTDB21B0VDA04767;BLANCO;2026-05-23;2026-05-16;5;"S07 1.5T 4X2 6DCT B";SOUEAST;"ZONA DE ESPERA PROCESO PDI";PENDIENTE;"AION S.A.C. ";"VENTA AION 07.04||"
"VARI OVALO";LVTDB21B9VDA04766;BLANCO;2026-05-23;2026-05-16;5;"S07 1.5T 4X2 6DCT B";SOUEAST;"ZONA DE ESPERA PROCESO PDI";PENDIENTE;"AION S.A.C. ";"VENTA AION 07.04|"
"VARI OVALO";LVTDB21BXVDA04761;BLANCO;2026-05-25;2026-05-16;5;"S07 1.5T 4X2 6DCT B";SOUEAST;"ZONA DE ESPERA PROCESO PDI";PENDIENTE;"GACSA PERU S.A.C. ";"VENTA GACSA 04.04|"
"VARI OVALO";LVTDB21BXVDA04825;"BLANCO PERLA";2026-05-25;2026-05-19;2;"S07 1.5T 4X2 6DCT B";SOUEAST;"ZONA DE ESPERA PROCESO PDI";PENDIENTE;"SUR MOTORS S.A. ";"VENTA SUR MOTORS"
"VARI OVALO";LVTDB11B3VDA04756;BLANCO;2026-05-25;2026-05-16;5;"S07 1.5T 4X2 6MT B";SOUEAST;"ZONA DE ESPERA PROCESO PDI";PENDIENTE;"CARPIO S.A.C. ";"VENTA CARPIO 01.04|"
"VARI OVALO";LVTDB11B7VDA04789;"AZUL OSCURO";2026-05-26;2026-05-16;5;"S07 1.5T 4X2 6MT B";SOUEAST;"ZONA DE ESPERA PROCESO PDI";PENDIENTE;"SUR MOTORS S.A. ";"VENTA SUR MOTORS 07.04|"
"VARI OVALO";LVTDB11B8VDA04770;NEGRO;2026-05-25;2026-05-16;5;"S07 1.5T 4X2 6MT B";SOUEAST;"ZONA DE ESPERA PROCESO PDI";PENDIENTE;"AUT. DEL CENTRO S.A.C ";"VENTA AUTOCAMIONES 07.04|"
"VARI OVALO";LVTDB11B8VDA04820;"BLANCO PERLA";2026-05-25;2026-05-16;5;"S07 1.5T 4X2 6MT B";SOUEAST;"ZONA DE ESPERA PROCESO PDI";PENDIENTE;"CARPIO S.A.C. ";"VENTA CARPIO 01.04|"
"VARI OVALO";LVTDB21B0VDA04851;"AZUL OSCURO";2026-05-23;2026-05-16;5;"S07 1.6T 4X2 7DCT B";SOUEAST;"ZONA DE ESPERA PROCESO PDI";PENDIENTE;"AION S.A.C. ";"VENTA AION 07.04||"
"VARI OVALO";LVTDB21B1VDA04860;"GRIS OSCURO";2026-05-23;2026-05-16;5;"S07 1.6T 4X2 7DCT B";SOUEAST;"ZONA DE ESPERA PROCESO PDI";PENDIENTE;"AION S.A.C. ";"VENTA AION 07.04||"
"VARI OVALO";LVTDB21B2VDA04866;BLANCO;2026-05-23;2026-05-16;5;"S07 1.6T 4X2 7DCT B";SOUEAST;"ZONA DE ESPERA PROCESO PDI";PENDIENTE;"AION S.A.C. ";"VENTA AION 07.04||"
"VARI OVALO";LVTDB21B3VDA04844;NEGRO;2026-05-23;2026-05-16;5;"S07 1.6T 4X2 7DCT B";SOUEAST;"ZONA DE ESPERA PROCESO PDI";PENDIENTE;"AION S.A.C. ";"VENTA AION 07.04||"
"VARI OVALO";8AWJW62H4TA004472R;"NEGRO PERLADO";2026-05-25;2026-05-20;1;"AMAROK COMFORTLINE 580TDI, 258CV, 3.0L V6, 4MOTION TIP";"VW Comerciales";"ZONA DE ESPERA PROCESO PDI";PENDIENTE;"EUROSHOP S.A. ";"EUROSHOP S.A. - VW Surquillo"
"VARI OVALO";9BWCH6CH3TP062276;"GRIS PLATINO";2026-05-25;2026-05-20;1;"NIVUS COMFORTLINE 200 TSI TIP";"VW Pasajeros";"ZONA DE ESPERA PROCESO PDI";PENDIENTE;"EUROSHOP S.A. ";"EUROSHOP S.A. - VW San Miguel"
"VARI OVALO";9BWCH6CHXTP014712R;"AZUL CORNFLOWER";2026-05-25;2026-05-20;1;"NIVUS COMFORTLINE 200 TSI TIP";"VW Pasajeros";"ZONA DE ESPERA PROCESO PDI";PENDIENTE;"SUR MOTORS S A ";"SUR MOTORS AREQUIPA TR."
"VARI OVALO";9BWCH6CH0TP030773RR;"GRIS PIEDRA - NEGRO";2026-05-22;2026-05-15;6;"NIVUS HIGHLINE 200 TSI TIP";"VW Pasajeros";"ZONA DE ESPERA PROCESO PDI";PENDIENTE;"EURO MOTORS S.A. ";"ADELANTO PDI RPTS."
"VARI OVALO";9BWAL5BZ9TT633822;"PLATA SIRIUS";2026-05-22;2026-05-16;5;"POLO TRACK 1.6 MEC";"VW Pasajeros";"ZONA DE ESPERA PROCESO PDI";PENDIENTE;"EURO MOTORS S.A. ";"ADELANTO DE PDI"
"VARI OVALO";9BWJL45U8TP034056R;"GRIS PIEDRA";2026-05-26;2026-05-20;1;"SAVEIRO COMFORTLINE CD 1.6 MEC";"VW Pasajeros";"ZONA DE ESPERA PROCESO PDI";PENDIENTE;"EURO MOTORS S.A. ";"ADELANTO DE PDI"
"VARI OVALO";9BWBH6DF0TT335934R;"AZUL MALIBU";2026-05-25;2026-05-20;1;"TERA COMFORT 165 TSI 1.0L TIP";"VW Pasajeros";"ZONA DE ESPERA PROCESO PDI";PENDIENTE;"EUROSHOP S.A. ";"EUROSHOP S.A. - VW San Miguel"
"VARI OVALO";WVGZZZCAXTC504723;"GRIS PURO";2026-05-25;2026-05-20;1;"TERAMONT PREMIUM 370TSI, 2.0L, 4MOTION TIP";"VW Pasajeros";"ZONA DE ESPERA PROCESO PDI";PENDIENTE;"EUROSHOP S.A. ";"EUROSHOP S.A. - VW Surquillo"
"VARI OVALO";3VVDP6RMXTM043821R;"GRIS PLATINO";2026-05-25;2026-05-20;1;"TIGUAN LIFE 250TSI, 1.4L, 2WD";"VW Pasajeros";"ZONA DE ESPERA PROCESO PDI";PENDIENTE;"EUROSHOP S.A. ";"EUROSHOP S.A. - VW Mall Plaza Norte TR."
"VARI OVALO";VSSZZZKM8TR020643;"GRIS MAGNETICH";2026-05-26;2026-05-20;1;"FORMENTOR 2.0 TSI CA7 LIMITED";CUPRA;"ZONA DE ESPERA RECEPCIÓN";PENDIENTE;"EURO MOTORS S.A. ";"ADELANTO DE PDI"
"VARI OVALO";VSSZZZKMXTR020708;"NEGRO MIDNIGHT";2026-05-26;2026-05-20;1;"FORMENTOR 2.0 TSI CA7 LIMITED";CUPRA;"ZONA DE ESPERA RECEPCIÓN";PENDIENTE;"EURO MOTORS S.A. ";"ADELANTO DE PDI"
"VARI OVALO";VSSZZZKM8TR024000;"NEGRO MIDNIGHT";2026-05-26;2026-05-20;1;"FORMENTOR 2.0 TSI CA7 LIMITED";CUPRA;"ZONA DE ESPERA RECEPCIÓN";PENDIENTE;"EURO MOTORS S.A. ";"ADELANTO DE PDI"
"VARI OVALO";HJRPBGGB1VB031435;"GRIS NARDO";2026-04-13;2026-04-07;44;"DASHING 1.6T 4X2 7DCT B ACP";JETOUR;"ZONA DE ESPERA RECEPCIÓN";PENDIENTE;;"VENTA PANDERO CL 09.03|"
"VARI OVALO";LVTDB21B0VDC08078;PLATA;2026-05-28;2026-05-19;2;"T1 1.5T 4X2 7DCT B/O";JETOUR;"ZONA DE ESPERA RECEPCIÓN";PENDIENTE;"GNECCO Y CIA S.A.C. ";"VENTA GNECCO 26.03|"
"VARI OVALO";LVTDB21B0VDC08081;PLATA;2026-05-29;2026-05-20;1;"T1 1.5T 4X2 7DCT B/O";JETOUR;"ZONA DE ESPERA RECEPCIÓN";PENDIENTE;"EAFC MAQUISISTEMA S.A. ";"VENTA MAQUI 26.03|"
"VARI OVALO";LVTDB21B3VDC08074;NEGRO;2026-05-28;2026-05-20;1;"T1 1.5T 4X2 7DCT B/O";JETOUR;"ZONA DE ESPERA RECEPCIÓN";PENDIENTE;"REVO MOTORS S.A. ";"VENTA REVO CL 20.04|"
"VARI OVALO";LVTDB21B3VDC05563;VERDE;2026-05-27;2026-05-19;2;"T1 1.5T 4X2 7DCT B/W";JETOUR;"ZONA DE ESPERA RECEPCIÓN";PENDIENTE;"Altos Andes S.A.C. ";"REVO WHOLESALE MAYO|COLOR MATE|"
"VARI OVALO";LVTDB21B8VDC05557;PLATA;2026-05-27;2026-05-19;2;"T1 1.5T 4X2 7DCT B/W";JETOUR;"ZONA DE ESPERA RECEPCIÓN";PENDIENTE;"INTER. TRUJILLO S.A. ";"VENTA INTER TRUJILLO 06.04|"
"VARI OVALO";LVTDD24B4VDC08087;GRIS;2026-05-27;2026-05-19;2;"T1 2.0T AWD 8AT B/GN";JETOUR;"ZONA DE ESPERA RECEPCIÓN";PENDIENTE;"HS TALLERES S.R.L. ";"VENTA HS TALLERES 14.03|COLOR MATE|"
"VARI OVALO";LVTDD24B0TDB09215P;NEGRO;2025-10-25;2025-10-22;211;"T1 2.0T AWD 8AT B/O";JETOUR;"ZONA DE ESPERA RECEPCIÓN";PENDIENTE;"ALTOS ANDES S.A.C. ";"ADELANTO PDI PUERTO"
"VARI OVALO";LVTDD24B1TDB09207P;BLANCO;2025-10-25;2025-10-22;211;"T1 2.0T AWD 8AT B/O";JETOUR;"ZONA DE ESPERA RECEPCIÓN";PENDIENTE;"ALTOS ANDES S.A.C. ";"ADELANTO PDI PUERTO"
"VARI OVALO";LVTDD24B3VDC05603;"NEGRO MATE";2026-05-27;2026-05-19;2;"T1 2.0T AWD 8AT B/O";JETOUR;"ZONA DE ESPERA RECEPCIÓN";PENDIENTE;"Altos Andes S.A.C. ";"EXHIBICION REVO 13.04|"
"VARI OVALO";LVTDD24B4VDC05609;PLATA;2026-05-27;2026-05-19;2;"T1 2.0T AWD 8AT B/O";JETOUR;"ZONA DE ESPERA RECEPCIÓN";PENDIENTE;"INTER. TRUJILLO S.A. ";"VENTA INTER TRUJILLO 27,03|"
"VARI OVALO";LVTDD24B0VDC08099;BLANCO;2026-05-29;2026-05-20;1;"T1 2.0T AWD 8AT B/O";JETOUR;"ZONA DE ESPERA RECEPCIÓN";PENDIENTE;"IAAUTOS S.A.C. ";"VENTA IA 01.04 |"
"VARI OVALO";LVTDD24B0VDC08118;DORADO;2026-05-27;2026-05-19;2;"T1 2.0T AWD 8AT B/O";JETOUR;"ZONA DE ESPERA RECEPCIÓN";PENDIENTE;"IWAGEN S.A.C. ";"VENTA IWAGEN 30.04|"
"VARI OVALO";LVTDD24B2VDC08086;GRIS;2026-05-29;2026-05-20;1;"T1 2.0T AWD 8AT B/O";JETOUR;"ZONA DE ESPERA RECEPCIÓN";PENDIENTE;"AION S.A.C. ";"VENTA AION 29.04|"
"VARI OVALO";LVTDD24B5VDC08101;BLANCO;2026-05-28;2026-05-19;2;"T1 2.0T AWD 8AT B/O";JETOUR;"ZONA DE ESPERA RECEPCIÓN";PENDIENTE;"GNECCO Y CIA S.A.C. ";"VENTA GNECCO 23.04|"
"VARI OVALO";LVTDD24B7VDC08097;BLANCO;2026-05-27;2026-05-19;2;"T1 2.0T AWD 8AT B/O";JETOUR;"ZONA DE ESPERA RECEPCIÓN";PENDIENTE;"IWAGEN S.A.C. ";"VENTA IWAGEN 29.04|"
"VARI OVALO";LVTDD24B7VDC08116;DORADO;2026-05-27;2026-05-19;2;"T1 2.0T AWD 8AT B/O";JETOUR;"ZONA DE ESPERA RECEPCIÓN";PENDIENTE;"INTER. NORTE S.A.C. ";"VENTA INTER NORTE 31.03|"
"VARI OVALO";LVTDD24B2VDC05608;NEGRO;2026-05-29;2026-05-20;1;"T1 2.0T AWD 8AT B/W";JETOUR;"ZONA DE ESPERA RECEPCIÓN";PENDIENTE;"REVO MOTORS S.A. ";"VENTA REVO SM 27.04|"
"VARI OVALO";LVTDD24B4VDC05125;NEGRO;2026-05-28;2026-05-20;1;"TRAVELLER T2 2.0T AWD 7DCT LIMITED B/R";JETOUR;"ZONA DE ESPERA RECEPCIÓN";PENDIENTE;"REVO MOTORS S.A. ";"VENTA REVO CL 44500 07.04|"
"VARI OVALO";LVTDD24B5VDC05148;"NEGRO MATE";2026-05-29;2026-05-20;1;"TRAVELLER T2 2.0T AWD 7DCT LIMITED B/R";JETOUR;"ZONA DE ESPERA RECEPCIÓN";PENDIENTE;"REVO MOTORS S.A. ";"VENTA REVO WH 14.04|COLOR MATE|"
"VARI OVALO";LVTDD24B7VDC05135;GRIS;2026-05-29;2026-05-20;1;"TRAVELLER T2 2.0T AWD 7DCT LIMITED B/R";JETOUR;"ZONA DE ESPERA RECEPCIÓN";PENDIENTE;"REVO MOTORS S.A. ";"VENTA REVO WH 14.04|COLOR MATE|"
"VARI OVALO";LVTDD24B0VDC07633;NEGRO;2026-05-28;2026-05-20;1;"TRAVELLER T2 2.0T AWD 7DCT LIMITED B/R";JETOUR;"ZONA DE ESPERA RECEPCIÓN";PENDIENTE;"REVO MOTORS S.A. ";"VENTA REVO CL 44214 27.03|"
"VARI OVALO";LVTDD24B0VDC07650;GRIS;2026-05-28;2026-05-20;1;"TRAVELLER T2 2.0T AWD 7DCT LIMITED B/R";JETOUR;"ZONA DE ESPERA RECEPCIÓN";PENDIENTE;"REVO MOTORS S.A. ";"VENTA REVO CL 45030 09.04|"
"VARI OVALO";LVTDD24B1VDC07592;"NEGRO MATE";2026-05-27;2026-05-19;2;"TRAVELLER T2 2.0T AWD 7DCT LIMITED B/R";JETOUR;"ZONA DE ESPERA RECEPCIÓN";PENDIENTE;"SUR MOTORS S.A. ";"VENTA SUR MOTORS 01.04|COLOR MATE|"
"VARI OVALO";LVTDD24B1VDC07642;PLATA;2026-05-28;2026-05-20;1;"TRAVELLER T2 2.0T AWD 7DCT LIMITED B/R";JETOUR;"ZONA DE ESPERA RECEPCIÓN";PENDIENTE;"AUT. SATELITAL S.A.C. ";"VENTA SATELITAL 13.04|"
"VARI OVALO";LVTDD24B1VDC07656;GRIS;2026-05-29;2026-05-20;1;"TRAVELLER T2 2.0T AWD 7DCT LIMITED B/R";JETOUR;"ZONA DE ESPERA RECEPCIÓN";PENDIENTE;"REVO MOTORS S.A. ";"VENTA REVO WH 14.03|COLOR MATE|"
"VARI OVALO";LVTDD24B5VDC07594;"NEGRO MATE";2026-05-28;2026-05-19;2;"TRAVELLER T2 2.0T AWD 7DCT LIMITED B/R";JETOUR;"ZONA DE ESPERA RECEPCIÓN";PENDIENTE;"AUTOSHOP PERU S.A.C. ";"VENTA AUTOSHOP 30.03|COLOR MATE|"
"VARI OVALO";LVTDD24B5VDC07658;GRIS;2026-05-29;2026-05-20;1;"TRAVELLER T2 2.0T AWD 7DCT LIMITED B/R";JETOUR;"ZONA DE ESPERA RECEPCIÓN";PENDIENTE;"REVO MOTORS S.A. ";"VENTA REVO WH 14.04|COLOR MATE|"
"VARI OVALO";LVTDD24B6VDC07622;BLANCO;2026-05-28;2026-05-19;2;"TRAVELLER T2 2.0T AWD 7DCT LIMITED B/R";JETOUR;"ZONA DE ESPERA RECEPCIÓN";PENDIENTE;"AUTOSHOP PERU S.A.C. ";"VENTA AUTOSHOP 30.03|"
"VARI OVALO";LVTDD24B6VDC07667;VERDE;2026-05-28;2026-05-20;1;"TRAVELLER T2 2.0T AWD 7DCT LIMITED B/R";JETOUR;"ZONA DE ESPERA RECEPCIÓN";PENDIENTE;"REVO MOTORS S.A. ";"VENTA REVO M 29.04|COLOR MATE|"
"VARI OVALO";LVTDD24B7VDC07614;"NEGRO MATE";2026-05-29;2026-05-20;1;"TRAVELLER T2 2.0T AWD 7DCT LIMITED B/R";JETOUR;"ZONA DE ESPERA RECEPCIÓN";PENDIENTE;"GACSA PERU S.A.C. ";"VENTA GACSA 15.04|"
"VARI OVALO";LVTDD24B7VDC07645;PLATA;2026-05-29;2026-05-20;1;"TRAVELLER T2 2.0T AWD 7DCT LIMITED B/R";JETOUR;"ZONA DE ESPERA RECEPCIÓN";PENDIENTE;"REVO MOTORS S.A. ";"VENTA REVO WH 14.04|"
"VARI OVALO";LVTDD24B8VDC07623;BLANCO;2026-05-27;2026-05-19;2;"TRAVELLER T2 2.0T AWD 7DCT LIMITED B/R";JETOUR;"ZONA DE ESPERA RECEPCIÓN";PENDIENTE;"Altos Andes S.A.C. ";"REVO WHOLESALE MAYO|"
"VARI OVALO";LVTDD24B9VDC07646;PLATA;2026-05-29;2026-05-20;1;"TRAVELLER T2 2.0T AWD 7DCT LIMITED B/R";JETOUR;"ZONA DE ESPERA RECEPCIÓN";PENDIENTE;"AION S.A.C. ";"VENTA AION 14.04|"
"VARI OVALO";LVTDD24BXVDC07641;PLATA;2026-05-27;2026-05-19;2;"TRAVELLER T2 2.0T AWD 7DCT LIMITED B/R";JETOUR;"ZONA DE ESPERA RECEPCIÓN";PENDIENTE;"INTER. TRUJILLO S.A. ";"VENTA INTER TRUJILLO 20.04|"
"VARI OVALO";LVTDB11B6VH503072;NEGRO;2026-05-26;2026-05-19;2;"X70FL 1,5T 6MT 4X2 FULL";JETOUR;"ZONA DE ESPERA RECEPCIÓN";PENDIENTE;"REVO MOTORS S.A. ";"VENTA REVO WH GLP 27.03|"
"VARI OVALO";LVTDB11B6VH503136;NEGRO;2026-05-26;2026-05-19;2;"X70FL 1,5T 6MT 4X2 FULL";JETOUR;"ZONA DE ESPERA RECEPCIÓN";PENDIENTE;"REVO MOTORS S.A. ";"VENTA REVO WH GLP 27.03|"
"VARI OVALO";LVTDB11B7VH503050;NEGRO;2026-05-26;2026-05-19;2;"X70FL 1,5T 6MT 4X2 FULL";JETOUR;"ZONA DE ESPERA RECEPCIÓN";PENDIENTE;"REVO MOTORS S.A. ";"VENTA REVO WH GLP 27.03|"
"VARI OVALO";LVTDB11B7VH503078;NEGRO;2026-05-26;2026-05-16;5;"X70FL 1,5T 6MT 4X2 FULL";JETOUR;"ZONA DE ESPERA RECEPCIÓN";PENDIENTE;"REVO MOTORS S.A. ";"VENTA REVO WH GLP 27.03|"
"VARI OVALO";LVTDB11B7VH503193;AZUL;2026-05-27;2026-05-19;2;"X70FL 1,5T 6MT 4X2 FULL";JETOUR;"ZONA DE ESPERA RECEPCIÓN";PENDIENTE;"REVO MOTORS S.A. ";"VENTA REVO WH GLP 27.03|"
"VARI OVALO";LVTDB11B8VH502585;BLANCO;2026-05-27;2026-05-19;2;"X70FL 1,5T 6MT 4X2 FULL";JETOUR;"ZONA DE ESPERA RECEPCIÓN";PENDIENTE;"REVO MOTORS S.A. ";"VENTA REVO WH GLP MAYO 28.03|"
"VARI OVALO";LVTDB11B8VH502764;"GRIS NARDO";2026-05-28;2026-05-20;1;"X70FL 1,5T 6MT 4X2 FULL";JETOUR;"ZONA DE ESPERA RECEPCIÓN";PENDIENTE;"REVO MOTORS S.A. ";"VENTA REVO WH GLP MAYO 28.03|"
"VARI OVALO";LVTDB11B8VH503073;NEGRO;2026-05-27;2026-05-19;2;"X70FL 1,5T 6MT 4X2 FULL";JETOUR;"ZONA DE ESPERA RECEPCIÓN";PENDIENTE;"REVO MOTORS S.A. ";"VENTA REVO WH GLP 27.03|"
"VARI OVALO";LVTDB11B9VH502689;"GRIS NARDO";2026-05-28;2026-05-20;1;"X70FL 1,5T 6MT 4X2 FULL";JETOUR;"ZONA DE ESPERA RECEPCIÓN";PENDIENTE;"REVO MOTORS S.A. ";"VENTA REVO WH GLP MAYO 28.03|"
"VARI OVALO";LVTDB11B9VH502692;"GRIS NARDO";2026-05-27;2026-05-19;2;"X70FL 1,5T 6MT 4X2 FULL";JETOUR;"ZONA DE ESPERA RECEPCIÓN";PENDIENTE;"REVO MOTORS S.A. ";"VENTA REVO WH GLP MAYO 28.03|"
"VARI OVALO";LVTDB11BXVH502765;"GRIS NARDO";2026-05-27;2026-05-19;2;"X70FL 1,5T 6MT 4X2 FULL";JETOUR;"ZONA DE ESPERA RECEPCIÓN";PENDIENTE;"AUTOTAXI SATELITAL S.A.C. ";"VENTA SATELITAL GLP 27.03|"
"VARI OVALO";LVTDB11B0VH503228;AZUL;2026-05-28;2026-05-19;2;"X70FL 1.5T 6MT 4X2 FULL";JETOUR;"ZONA DE ESPERA RECEPCIÓN";PENDIENTE;"AUTOC. DEL CENTRO S.A.C ";"VENTA AUTOCAMIONES 27.03|"
"VARI OVALO";LVTDB11B1VH502685;"GRIS NARDO";2026-05-28;2026-05-19;2;"X70FL 1.5T 6MT 4X2 FULL";JETOUR;"ZONA DE ESPERA RECEPCIÓN";PENDIENTE;"AUTOS DEL SUR S.A.C. ";"VENTA AUTOS DEL SUR V 04.04|"
"VARI OVALO";LVTDB11B1VH503061;NEGRO;2026-05-28;2026-05-19;2;"X70FL 1.5T 6MT 4X2 FULL";JETOUR;"ZONA DE ESPERA RECEPCIÓN";PENDIENTE;"AUTOS DEL SUR S.A.C. ";"VENTA AUTOS DEL SUR V 04.04|"
"VARI OVALO";LVTDB11B2VH502629;BLANCO;2026-05-28;2026-05-19;2;"X70FL 1.5T 6MT 4X2 FULL";JETOUR;"ZONA DE ESPERA RECEPCIÓN";PENDIENTE;"GNECCO Y CIA S.A.C. ";GNECCO||
"VARI OVALO";LVTDB11B2VH502887;BLANCO;2026-05-27;2026-05-19;2;"X70FL 1.5T 6MT 4X2 FULL";JETOUR;"ZONA DE ESPERA RECEPCIÓN";PENDIENTE;"HS TALLERES S.R.L. ";"VENTA HS TALLERES 01.04|"
"VARI OVALO";LVTDB11B2VH502906;BLANCO;2026-05-29;2026-05-20;1;"X70FL 1.5T 6MT 4X2 FULL";JETOUR;"ZONA DE ESPERA RECEPCIÓN";PENDIENTE;"IAAUTOS S.A.C. ";"VENTA IA 27.03|"
"VARI OVALO";LVTDB11B2VH503120;NEGRO;2026-05-27;2026-05-19;2;"X70FL 1.5T 6MT 4X2 FULL";JETOUR;"ZONA DE ESPERA RECEPCIÓN";PENDIENTE;"HS TALLERES S.R.L. ";"VENTA HS TALLERES 01.04|"
"VARI OVALO";LVTDB11B3VH503045;NEGRO;2026-05-27;2026-05-19;2;"X70FL 1.5T 6MT 4X2 FULL";JETOUR;"ZONA DE ESPERA RECEPCIÓN";PENDIENTE;"HS TALLERES S.R.L. ";"VENTA HS TALLERES 01.04|"
"VARI OVALO";LVTDB11B6VH502598;BLANCO;2026-05-29;2026-05-20;1;"X70FL 1.5T 6MT 4X2 FULL";JETOUR;"ZONA DE ESPERA RECEPCIÓN";PENDIENTE;"REVO MOTORS S.A. ";"VENTA REVO WH MAYO 28.03|"
"VARI OVALO";LVTDB11B6VH503167;AZUL;2026-05-28;2026-05-20;1;"X70FL 1.5T 6MT 4X2 FULL";JETOUR;"ZONA DE ESPERA RECEPCIÓN";PENDIENTE;"REVO MOTORS S.A. ";"VENTA REVO 27.03|"
"VARI OVALO";LVTDB11B7VH502626;BLANCO;2026-05-28;2026-05-20;1;"X70FL 1.5T 6MT 4X2 FULL";JETOUR;"ZONA DE ESPERA RECEPCIÓN";PENDIENTE;"REVO MOTORS S.A. ";"VENTA REVO WH MAYO 28.03|"
"VARI OVALO";LVTDB11B8VH502893;BLANCO;2026-05-26;2026-05-19;2;"X70FL 1.5T 6MT 4X2 FULL";JETOUR;"ZONA DE ESPERA RECEPCIÓN";PENDIENTE;"AUTOTAXI SATELITAL S.A.C. ";"VENTA SATELITAL 27.03|"
"VARI OVALO";LVTDB11B8VH503154;AZUL;2026-05-28;2026-05-20;1;"X70FL 1.5T 6MT 4X2 FULL";JETOUR;"ZONA DE ESPERA RECEPCIÓN";PENDIENTE;"REVO MOTORS S.A. ";"VENTA REVO WH MAYO 28.03|"
"VARI OVALO";LVTDB11B8VH503185;AZUL;2026-05-26;2026-05-16;5;"X70FL 1.5T 6MT 4X2 FULL";JETOUR;"ZONA DE ESPERA RECEPCIÓN";PENDIENTE;"REVO MOTORS S.A. ";"VENTA REVO WH MAYO 28.03|"
"VARI OVALO";LVTDB11B9VH502871;BLANCO;2026-05-27;2026-05-19;2;"X70FL 1.5T 6MT 4X2 FULL";JETOUR;"ZONA DE ESPERA RECEPCIÓN";PENDIENTE;"SUR MOTORS S.A. ";"VENTA SUR MOTORS IV G1 02.04|"
"VARI OVALO";LVTDB11B9VH503132;NEGRO;2026-05-27;2026-05-19;2;"X70FL 1.5T 6MT 4X2 FULL";JETOUR;"ZONA DE ESPERA RECEPCIÓN";PENDIENTE;"SUR MOTORS S.A. ";"VENTA SUR MOTORS IV G2 02.04|"
"VARI OVALO";LVTDB11BXVH502913;BLANCO;2026-05-27;2026-05-19;2;"X70FL 1.5T 6MT 4X2 FULL";JETOUR;"ZONA DE ESPERA RECEPCIÓN";PENDIENTE;"AUTOTAXI SATELITAL S.A.C. ";"VENTA SATELITAL 27.03|"
"VARI OVALO";LVTDB11BXVH503124;NEGRO;2026-05-27;2026-05-19;2;"X70FL 1.5T 6MT 4X2 FULL";JETOUR;"ZONA DE ESPERA RECEPCIÓN";PENDIENTE;"AUTOTAXI SATELITAL S.A.C. ";"VENTA SATELITAL 27.03|"
"VARI OVALO";LVTDB11BXVH503141;AZUL;2026-05-27;2026-05-19;2;"X70FL 1.5T 6MT 4X2 FULL";JETOUR;"ZONA DE ESPERA RECEPCIÓN";PENDIENTE;"SUR MOTORS S.A. ";"VENTA SUR MOTORS IV G1 02.04|"
"VARI OVALO";LVTDB11BXVH503169;AZUL;2026-05-28;2026-05-20;1;"X70FL 1.5T 6MT 4X2 FULL";JETOUR;"ZONA DE ESPERA RECEPCIÓN";PENDIENTE;"AUTOTAXI SATELITAL S.A.C. ";"VENTA SATELITAL 27.03|"
"VARI OVALO";LVTDB11BXVH503222;AZUL;2026-05-27;2026-05-19;2;"X70FL 1.5T 6MT 4X2 FULL";JETOUR;"ZONA DE ESPERA RECEPCIÓN";PENDIENTE;"AUTOTAXI SATELITAL S.A.C. ";"VENTA SATELITAL 27.03|"
"VARI OVALO";LS4ASL2E2TE158860P;GRIS;2025-11-15;2025-11-14;188;"NEW V7 1.6 MEC PLUS";KYC;"ZONA DE ESPERA RECEPCIÓN";PENDIENTE;"Altos Andes S.A.C. ";"ADELANTO PDI PUERTO"
"VARI OVALO";LVTDB21B1VDA04826;"BLANCO PERLA";2026-05-26;2026-05-16;5;"S07 1.5T 4X2 6DCT B";SOUEAST;"ZONA DE ESPERA RECEPCIÓN";PENDIENTE;"SUR MOTORS S.A. ";"VENTA SUR MOTORS 06.04|"
"VARI OVALO";LVTDB21B9VDA04783;NEGRO;2026-05-26;2026-05-16;5;"S07 1.5T 4X2 6DCT B";SOUEAST;"ZONA DE ESPERA RECEPCIÓN";PENDIENTE;"SUR MOTORS S.A. ";"VENTA SUR MOTORS 25.04|"
"VARI OVALO";LVTDB11B9VDA04793;"AZUL OSCURO";2026-05-25;2026-05-16;5;"S07 1.5T 4X2 6MT B";SOUEAST;"ZONA DE ESPERA RECEPCIÓN";PENDIENTE;"HS TALLERES S.R.L. ";"VENTA HS TALLERES 08.04|"
"VARI OVALO";LVTDB21B8VDA04869;BLANCO;2026-05-26;2026-05-16;5;"S07 1.6T 4X2 7DCT B";SOUEAST;"ZONA DE ESPERA RECEPCIÓN";PENDIENTE;"SUR MOTORS S.A. ";"VENTA SUR MOTORS 04.04 2|"
"VARI OVALO";9BWCH6CH7TP007149R;"AZUL CORNFLOWER";2026-05-26;2026-05-20;1;"NIVUS COMFORTLINE 170 TSI MEC";"VW Pasajeros";"ZONA DE ESPERA RECEPCIÓN";PENDIENTE;"EURO MOTORS S.A. ";"ADELANTO DE PDI"
"VARI OVALO";9BWBH6DF6TT347473;"NEGRO NINJA";2026-05-25;2026-05-20;1;"TERA COMFORT 170 TSI 1.0L TIP";"VW Pasajeros";"ZONA DE ESPERA RECEPCIÓN";PENDIENTE;"EUROSHOP S.A. ";"EUROSHOP S.A. - VW San Borja"
"VARI OVALO";WVGZZZCA5TC503088;"GRIS PURO";2026-05-25;2026-05-20;1;"TERAMONT PREMIUM 370TSI, 2.0L, 4MOTION TIP";"VW Pasajeros";"ZONA DE ESPERA RECEPCIÓN";PENDIENTE;"EUROSHOP S.A. ";"EUROSHOP S.A. - VW Surquillo"
"VARI OVALO";LVTDB11B0VH501883;"GRIS NARDO";2026-05-15;2026-05-08;13;"X70FL 1,5T 6MT 4X2 FULL";JETOUR;"ZONA DE ESPERA REPUESTOS";PENDIENTE;"Altos Andes S.A.C. ";"VENTA GACSA WH GLP 19.03|"
"VARI OVALO";LVTDB11B8VH501386;BLANCO;2026-05-19;2026-05-12;9;"X70FL 1,5T 6MT 4X2 FULL";JETOUR;"ZONA DE ESPERA REPUESTOS";PENDIENTE;"INTERAMERICANA TRUJILLO S.A. ";"VENTA INTERAMERICANA TRUJILLO"
"VARI OVALO";LVTDB11B8VH501890;"GRIS NARDO";2026-05-19;2026-05-12;9;"X70FL 1,5T 6MT 4X2 FULL";JETOUR;"ZONA DE ESPERA REPUESTOS";PENDIENTE;"AUTOCAMIONES DEL CENTRO S.A.C ";"VENTA AUTOCAMIONES DEL CENTRO"
"VARI OVALO";LVTDB11BXVH501406;BLANCO;2026-05-16;2026-05-09;12;"X70FL 1,5T 6MT 4X2 FULL";JETOUR;"ZONA DE ESPERA REPUESTOS";PENDIENTE;"Altos Andes S.A.C. ";"VENTA REVO WH GLP ABR 20.03|"
"VARI OVALO";LVTDB11B2VH502890;BLANCO;2026-05-19;2026-05-12;9;"X70FL 1.5T 6MT 4X2 FULL";JETOUR;"ZONA DE ESPERA REPUESTOS";PENDIENTE;"HS TALLERES S.R.L. ";"VENTA HS TALLERES 01.04|"
"VARI OVALO";LVTDB11B2VH503134;NEGRO;2026-05-19;2026-05-12;9;"X70FL 1.5T 6MT 4X2 FULL";JETOUR;"ZONA DE ESPERA REPUESTOS";PENDIENTE;"HS TALLERES S.R.L. ";"VENTA HS TALLERES 01.04|"
"VARI OVALO";LVTDB11B2VH503196;AZUL;2026-05-19;2026-05-13;8;"X70FL 1.5T 6MT 4X2 FULL";JETOUR;"ZONA DE ESPERA REPUESTOS";PENDIENTE;"HS TALLERES S.R.L. ";"VENTA HS TALLERES 01.04|"
"VARI OVALO";LVTDB11B3VH502896;BLANCO;2026-05-19;2026-05-13;8;"X70FL 1.5T 6MT 4X2 FULL";JETOUR;"ZONA DE ESPERA REPUESTOS";PENDIENTE;"INTER. NORTE S.A.C. ";"VENTA INTER NORTE V 04.04|"
"VARI OVALO";LVTDB11B9VH503180;AZUL;2026-05-19;2026-05-13;8;"X70FL 1.5T 6MT 4X2 FULL";JETOUR;"ZONA DE ESPERA REPUESTOS";PENDIENTE;"SUR MOTORS S.A. ";"VENTA SUR MOTORS IV G1 02.04|"
"VARI OVALO";LVTDB11B4VH501370;BLANCO;2026-05-13;2026-05-07;14;"X70FL 1.5T 6MT 4X2 FULL";JETOUR;"ZONA DE ESPERA REPUESTOS";PENDIENTE;"Altos Andes S.A.C. ";"VENTA REVO WH 19.03|"
"VARI OVALO";LS4ASL2E4TE158858;GRIS;2026-05-20;2026-05-15;6;"NEW V7 1.6 MEC PLUS";KYC;"ZONA DE ESPERA REPUESTOS";PENDIENTE;"REVO MOTORS S.A. ";"VENTA REVO"
"VARI OVALO";3VWCR6BU4TM044992;"GRIS PLATINO";2026-04-29;2026-04-24;27;"JETTA TRENDLINE 250TSI, 1.4L";"VW Pasajeros";"ZONA DE ESPERA REPUESTOS";PENDIENTE;"EURO MOTORS S.A. ";"REVISAR: FUNDA POSTERIOR (RASPADO)"
"VARI OVALO";9BWBH6BF0T4082286;"GRIS PLATINO -  NEGRO";2026-04-15;2026-04-11;40;"T-CROSS EXTREME 200 TSI TIP";"VW Pasajeros";"ZONA DE ESPERA REPUESTOS";PENDIENTE;"EURO MOTORS S.A. ";"ADELANTO DE PDI"
"VARI OVALO";9BWBH6BF0T4050163;"PLATA LUNA";2026-02-18;2026-02-14;96;"T-CROSS TRENDLINE 200 TSI TIP";"VW Pasajeros";"ZONA DE ESPERA REPUESTOS";PENDIENTE;"EURO MOTORS S.A. ";"ADELANTO PDI RPTS."
"VARI OVALO";9BWBL6DF2TT403181;"GRIS PLATINO";2026-05-22;2026-05-16;5;"TERA TREND 160 MSI 1.6L MEC";"VW Pasajeros";"ZONA DE ESPERA REPUESTOS";PENDIENTE;"EURO MOTORS S.A. ";"ADELANTO DE PDI"
"VARI OVALO";3VVDP6RM1TM029693;"PLATA LUNA";2026-04-14;2026-04-10;41;"TIGUAN LIFE PLUS 250TSI, 1.4L, 2WD";"VW Pasajeros";"ZONA DE ESPERA REPUESTOS";PENDIENTE;"EURO MOTORS S.A. ";"ADELANTO DE PDI"
"VARI OVALO";3VVDP6RM3TM075283;"PLATA LUNA";2026-04-14;2026-04-10;41;"TIGUAN LIFE PLUS 250TSI, 1.4L, 2WD";"VW Pasajeros";"ZONA DE ESPERA REPUESTOS";PENDIENTE;"EURO MOTORS S.A. ";"ADELANTO DE PDI"
"VARI OVALO";3VVKP6RM1TM092817;"NEGRO PERLADO";2026-05-07;2026-05-02;19;"TIGUAN R- LINE 250TSI, 1.4L, 2WD";"VW Pasajeros";"ZONA DE ESPERA REPUESTOS";PENDIENTE;"GNECCO Y COMPAÑIA S.A.C. ";"GNECCO Y COMPAÑIA S.A.C."
"VARI OVALO";VSSZZZKM8TR009299;"BLANCO NEVADA";2026-05-20;2026-05-14;7;"FORMENTOR 2.0 TSI CA7 LIMITED";CUPRA;"ZONA DE INGRESO";PENDIENTE;"EURO MOTORS S.A. ";"ADELANTO DE PDI - EXH. CAMACHO"
"VARI OVALO";VSSZZZKM5TR019613;"GRIS MAGNETICH";2026-05-26;2026-05-20;1;"FORMENTOR 2.0 TSI CA7 LIMITED";CUPRA;"ZONA DE INGRESO";PENDIENTE;"EURO MOTORS S.A. ";"ADELANTO DE PDI"
"VARI OVALO";LVTDB21B1VDC08073;NEGRO;2026-05-28;2026-05-20;1;"T1 1.5T 4X2 7DCT B/O";JETOUR;"ZONA DE INGRESO";PENDIENTE;"REVO MOTORS S.A. ";"VENTA REVO CL 44773 04.04|"
"VARI OVALO";LVTDB21B5VDC08075;NEGRO;2026-05-28;2026-05-20;1;"T1 1.5T 4X2 7DCT B/O";JETOUR;"ZONA DE INGRESO";PENDIENTE;"AUT. SATELITAL S.A.C. ";"VENTA SATELITAL 13.04|"
"VARI OVALO";LVTDB21B7VDC08076;NEGRO;2026-05-28;2026-05-20;1;"T1 1.5T 4X2 7DCT B/O";JETOUR;"ZONA DE INGRESO";PENDIENTE;"REVO MOTORS S.A. ";"VENTA REVO M 29.04|"
"VARI OVALO";LVTDD24B2VDC05611;PLATA;2026-05-29;2026-05-20;1;"T1 2.0T AWD 8AT B/O";JETOUR;"ZONA DE INGRESO";PENDIENTE;"REVO MOTORS S.A. ";"VENTA REVO SM 30.04|"
"VARI OVALO";LVTDD24B2VDC08105;NEGRO;2026-05-28;2026-05-20;1;"T1 2.0T AWD 8AT B/O";JETOUR;"ZONA DE INGRESO";PENDIENTE;"REVO MOTORS S.A. ";"VENTA REVO CL 44429 28.03|"
"VARI OVALO";LVTDD24B9VDC08098;BLANCO;2026-05-29;2026-05-20;1;"T1 2.0T AWD 8AT B/O";JETOUR;"ZONA DE INGRESO";PENDIENTE;"IAAUTOS S.A.C. ";"VENTA IA 21.04|"
"VARI OVALO";LVTDD24B1VDC05129;PLATA;2026-05-28;2026-05-20;1;"TRAVELLER T2 2.0T AWD 7DCT LIMITED B/R";JETOUR;"ZONA DE INGRESO";PENDIENTE;"REVO MOTORS S.A. ";"VENTA REVO CL 43699 31.03|"
"VARI OVALO";LVTDD24B5VDC05117;BLANCO;2026-05-28;2026-05-20;1;"TRAVELLER T2 2.0T AWD 7DCT LIMITED B/R";JETOUR;"ZONA DE INGRESO";PENDIENTE;"REVO MOTORS S.A. ";"VENTA REVO CL 01.04|"
"VARI OVALO";LVTDD24B5VDC05120;BLANCO;2026-05-29;2026-05-20;1;"TRAVELLER T2 2.0T AWD 7DCT LIMITED B/R";JETOUR;"ZONA DE INGRESO";PENDIENTE;"REVO MOTORS S.A. ";"VENTA REVO WH 14.03|"
"VARI OVALO";LVTDD24B6VDC05126;NEGRO;2026-05-29;2026-05-20;1;"TRAVELLER T2 2.0T AWD 7DCT LIMITED B/R";JETOUR;"ZONA DE INGRESO";PENDIENTE;"REVO MOTORS S.A. ";"VENTA REVO WH 14.04|"
"VARI OVALO";LVTDD24B9VDC05136;GRIS;2026-05-28;2026-05-20;1;"TRAVELLER T2 2.0T AWD 7DCT LIMITED B/R";JETOUR;"ZONA DE INGRESO";PENDIENTE;"REVO MOTORS S.A. ";"VENTA REVO CL 14.04|COLOR MATE|"
"VARI OVALO";LVTDD24B6VDC07636;NEGRO;2026-05-29;2026-05-20;1;"TRAVELLER T2 2.0T AWD 7DCT LIMITED B/R";JETOUR;"ZONA DE INGRESO";PENDIENTE;"REVO MOTORS S.A. ";"VENTA REVO WH 14.04|"
"VARI OVALO";LVTDD24B6VDC07653;GRIS;2026-05-29;2026-05-20;1;"TRAVELLER T2 2.0T AWD 7DCT LIMITED B/R";JETOUR;"ZONA DE INGRESO";PENDIENTE;"REVO MOTORS S.A. ";"VENTA REVO WH 14.04|COLOR MATE|"
"VARI OVALO";LVTDD24BXVDC07655;GRIS;2026-05-29;2026-05-20;1;"TRAVELLER T2 2.0T AWD 7DCT LIMITED B/R";JETOUR;"ZONA DE INGRESO";PENDIENTE;"AION S.A.C. ";"VENTA AION 28.04|"
"VARI OVALO";LVTDD24B4VDC07621R;BLANCO;2026-05-21;2026-05-20;1;"TRAVELLER T2 2.0T AWD 7DCT LIMITED B/R";JETOUR;"ZONA DE INGRESO";PENDIENTE;"REVO MOTORS S.A. ";"VENTA REVO WH 14.03| PDI EXPRESS"
"VARI OVALO";LVTDB11BXTDB38578;PLATA;2026-02-18;2026-02-11;99;"X50 1.5L 4X2 5MT CONFORT";JETOUR;"ZONA DE INGRESO";PENDIENTE;"Altos Andes S.A.C. ";"ADELANTO PDI"
"VARI OVALO";LVTDB11B3VH502610;BLANCO;2026-05-28;2026-05-20;1;"X70FL 1,5T 6MT 4X2 FULL";JETOUR;"ZONA DE INGRESO";PENDIENTE;"INTER. NORTE S.A.C. ";"VENTA INTER NORTE V GLP 04.04|"
"VARI OVALO";LVTDB11B5VH503094;NEGRO;2026-05-28;2026-05-20;1;"X70FL 1,5T 6MT 4X2 FULL";JETOUR;"ZONA DE INGRESO";PENDIENTE;"PANDERO S.A. EAFC ";"VENTA PANDERO GLP 27.03|"
"VARI OVALO";LVTDB11B6VH502682;"GRIS NARDO";2026-05-26;2026-05-16;5;"X70FL 1,5T 6MT 4X2 FULL";JETOUR;"ZONA DE INGRESO";PENDIENTE;"REVO MOTORS S.A. ";"VENTA REVO WH GLP 27.03|"
"VARI OVALO";LVTDB11B6VH502729;"GRIS NARDO";2026-05-26;2026-05-19;2;"X70FL 1,5T 6MT 4X2 FULL";JETOUR;"ZONA DE INGRESO";PENDIENTE;"REVO MOTORS S.A. ";"VENTA REVO WH GLP 27.03|"
"VARI OVALO";LVTDB11B6VH502746;"GRIS NARDO";2026-05-26;2026-05-19;2;"X70FL 1,5T 6MT 4X2 FULL";JETOUR;"ZONA DE INGRESO";PENDIENTE;"REVO MOTORS S.A. ";"VENTA REVO WH GLP 27.03|"
"VARI OVALO";LVTDB11B6VH503105;NEGRO;2026-05-26;2026-05-19;2;"X70FL 1,5T 6MT 4X2 FULL";JETOUR;"ZONA DE INGRESO";PENDIENTE;"REVO MOTORS S.A. ";"VENTA REVO WH GLP 27.03|"
"VARI OVALO";LVTDB11B7VH502710;"GRIS NARDO";2026-05-28;2026-05-20;1;"X70FL 1,5T 6MT 4X2 FULL";JETOUR;"ZONA DE INGRESO";PENDIENTE;"REVO MOTORS S.A. ";"VENTA REVO GLP 27.03|"
"VARI OVALO";LVTDB11B7VH502884;BLANCO;2026-05-28;2026-05-20;1;"X70FL 1,5T 6MT 4X2 FULL";JETOUR;"ZONA DE INGRESO";PENDIENTE;"REVO MOTORS S.A. ";"VENTA REVO WH GLP MAYO 28.03|"
"VARI OVALO";LVTDB11B8VH503056;NEGRO;2026-05-28;2026-05-20;1;"X70FL 1,5T 6MT 4X2 FULL";JETOUR;"ZONA DE INGRESO";PENDIENTE;"REVO MOTORS S.A. ";"VENTA REVO WH GLP 27.03|"
"VARI OVALO";LVTDB11B8VH503123;NEGRO;2026-05-28;2026-05-20;1;"X70FL 1,5T 6MT 4X2 FULL";JETOUR;"ZONA DE INGRESO";PENDIENTE;"REVO MOTORS S.A. ";"VENTA REVO WH GLP 27.03|"
"VARI OVALO";LVTDB11BXVH503088;NEGRO;2026-05-27;2026-05-19;2;"X70FL 1,5T 6MT 4X2 FULL";JETOUR;"ZONA DE INGRESO";PENDIENTE;"AUTOTAXI SATELITAL S.A.C. ";"VENTA SATELITAL GLP 27.03|"
"VARI OVALO";LVTDB11BXVH503205;AZUL;2026-05-27;2026-05-19;2;"X70FL 1,5T 6MT 4X2 FULL";JETOUR;"ZONA DE INGRESO";PENDIENTE;"AUTOTAXI SATELITAL S.A.C. ";"VENTA SATELITAL GLP 27.03|"
"VARI OVALO";LVTDB21B6TH012665;AZUL;2026-05-11;2026-05-05;16;"X70FL 1.5T 6DCT 4X2 LIMITED";JETOUR;"ZONA DE INGRESO";PENDIENTE;"AUTOC. DEL CENTRO S.A.C ";"VENTA AUTOCAMIONES"
"VARI OVALO";LVTDB11B9TH016154;NEGRO;2026-02-03;2026-01-27;114;"X70FL 1.5T 6MT 4X2 FULL";JETOUR;"ZONA DE INGRESO";PENDIENTE;"REVO MOTORS S.A. ";"VENTA REVO GLP"
"VARI OVALO";LVTDB11B0VH502614;BLANCO;2026-05-29;2026-05-20;1;"X70FL 1.5T 6MT 4X2 FULL";JETOUR;"ZONA DE INGRESO";PENDIENTE;"AION S.A.C. ";"VENTA AION 27.03|"
"VARI OVALO";LVTDB11B1VH502590;BLANCO;2026-05-28;2026-05-19;2;"X70FL 1.5T 6MT 4X2 FULL";JETOUR;"ZONA DE INGRESO";PENDIENTE;"AUTOS DEL SUR S.A.C. ";"VENTA AUTOS DEL SUR V 04.04|"
"VARI OVALO";LVTDB11B1VH502895;BLANCO;2026-05-29;2026-05-20;1;"X70FL 1.5T 6MT 4X2 FULL";JETOUR;"ZONA DE INGRESO";PENDIENTE;"GACSA PERU S.A.C. ";"VENTA GACSA 27.03|"
"VARI OVALO";LVTDB11B2VH503053;NEGRO;2026-05-29;2026-05-20;1;"X70FL 1.5T 6MT 4X2 FULL";JETOUR;"ZONA DE INGRESO";PENDIENTE;"GACSA PERU S.A.C. ";"VENTA GACSA 27.03|"
"VARI OVALO";LVTDB11B6VH502620;BLANCO;2026-05-29;2026-05-20;1;"X70FL 1.5T 6MT 4X2 FULL";JETOUR;"ZONA DE INGRESO";PENDIENTE;"REVO MOTORS S.A. ";"VENTA REVO WH MAYO 28.03|"
"VARI OVALO";LVTDB11B6VH502889;BLANCO;2026-05-29;2026-05-20;1;"X70FL 1.5T 6MT 4X2 FULL";JETOUR;"ZONA DE INGRESO";PENDIENTE;"REVO MOTORS S.A. ";"VENTA REVO WH MAYO 28.03|"
"VARI OVALO";LVTDB11B6VH503153;AZUL;2026-05-28;2026-05-20;1;"X70FL 1.5T 6MT 4X2 FULL";JETOUR;"ZONA DE INGRESO";PENDIENTE;"REVO MOTORS S.A. ";"VENTA REVO 27.03|"
"VARI OVALO";LVTDB11BXVH502622;BLANCO;2026-05-28;2026-05-20;1;"X70FL 1.5T 6MT 4X2 FULL";JETOUR;"ZONA DE INGRESO";PENDIENTE;"AUTOTAXI SATELITAL S.A.C. ";"VENTA SATELITAL 27.03|"
"VARI OVALO";LVTDB11BXVH503236;AZUL;2026-05-28;2026-05-20;1;"X70FL 1.5T 6MT 4X2 FULL";JETOUR;"ZONA DE INGRESO";PENDIENTE;"AUTOTAXI SATELITAL S.A.C. ";"VENTA SATELITAL 27.03|"
"VARI OVALO";LS4ASL2E5TE158755P;"AZUL OSCURO";2025-11-15;2025-11-14;188;"NEW V7 1.6 MEC PLUS";KYC;"ZONA DE INGRESO";PENDIENTE;"Altos Andes S.A.C. ";"ADELANTO PDI PUERTO"
"VARI OVALO";LS4ASL2E6TE158845P;"BLANCO BEIGE";2025-11-15;2025-11-14;188;"NEW V7 1.6 MEC PLUS";KYC;"ZONA DE INGRESO";PENDIENTE;"Altos Andes S.A.C. ";"ADELANTO PDI PUERTO"
"VARI OVALO";LS4ASL2E1VE547945;"GRIS OSCURO";2026-05-22;2026-05-16;5;"NEW V7 1.6 MEC PLUS";KYC;"ZONA DE INGRESO";PENDIENTE;"PANDERO S.A. EAFC ";"VENTA PANDERO"
"VARI OVALO";LSCABN3E8TE144301;BLANCO;2026-05-13;2026-05-13;8;"NEW X5 1.5 MEC CARGO BOX";KYC;"ZONA DE INGRESO";PENDIENTE;"Altos Andes S.A.C. ";"ENVIO MARSANO SIN PDI"
"VARI OVALO";VSSZZZKJZLR079594;"GRIS MAGNETIC / TECHO NEGRO";0000-00-00;2026-01-09;132;ARONA;SEAT;"ZONA DE INGRESO";PENDIENTE;;
"VARI OVALO";VSSZZZKJZPR000240;"AZUL ASFALTO / TECHO NEGRO";0000-00-00;2026-02-18;92;"ARONA XPERIENCE 1,6 CA6";SEAT;"ZONA DE INGRESO";PENDIENTE;;
"VARI OVALO";VSSZZZKJZPR000236;"NEGRO MIDNIGHT / TECHO GRIS";0000-00-00;2026-01-09;132;"ARONA XPERIENCE 1.6 CA6";SEAT;"ZONA DE INGRESO";PENDIENTE;;
"VARI OVALO";VSSZZZKJZPR000236;"NEGRO MIDNIGHT / TECHO GRIS";0000-00-00;2026-01-09;132;"ARONA XPERIENCE 1.6 CA6";SEAT;"ZONA DE INGRESO";PENDIENTE;;
"VARI OVALO";VSSZZZKJZPR000236;"NEGRO MIDNIGHT / TECHO GRIS";0000-00-00;2026-01-09;132;"ARONA XPERIENCE 1.6 CA6";SEAT;"ZONA DE INGRESO";PENDIENTE;;
"VARI OVALO";VSSZZZKJZPR000238;"GRIS MAGNETIC / TECHO NEGRO";0000-00-00;2026-01-09;132;"ARONA XPERIENCE 1.6 CA6";SEAT;"ZONA DE INGRESO";PENDIENTE;;
"VARI OVALO";VSSZZZKJZPR000233;"PLATA URBANO / TECHO NEGRO";0000-00-00;2025-10-31;202;"ARONA XPERIENCE 1.6 CA6";SEAT;"ZONA DE INGRESO";PENDIENTE;;
"VARI OVALO";9BWJL45U4TP034314;"NEGRO NINJA";2026-05-26;2026-05-20;1;"SAVEIRO EXTREME CD 1.6 MEC";"VW Pasajeros";"ZONA DE INGRESO";PENDIENTE;"EURO MOTORS S.A. ";"ADELANTO DE PDI"
"VARI OVALO";9BWJL45U4TP034474;"GRIS PIEDRA";2026-05-25;2026-05-20;1;"SAVEIRO EXTREME CD 1.6 MEC";"VW Pasajeros";"ZONA DE INGRESO";PENDIENTE;"EUROSHOP S.A. ";"EUROSHOP S.A. - VW Surquillo"
"VARI OVALO";9BWJL45U8TP034350;"PLATA SIRIUS";2026-05-26;2026-05-20;1;"SAVEIRO EXTREME CD 1.6 MEC";"VW Pasajeros";"ZONA DE INGRESO";PENDIENTE;"EURO MOTORS S.A. ";"ADELANTO DE PDI"
"VARI OVALO";9BWJL45U0TP040837;"PLATA SIRIUS";2026-05-26;2026-05-20;1;"SAVEIRO EXTREME CD 1.6 MEC";"VW Pasajeros";"ZONA DE INGRESO";PENDIENTE;"EURO MOTORS S.A. ";"ADELANTO DE PDI"
"VARI OVALO";9BWJL45U0TP040854;"NEGRO NINJA";2026-05-26;2026-05-20;1;"SAVEIRO EXTREME CD 1.6 MEC";"VW Pasajeros";"ZONA DE INGRESO";PENDIENTE;"EURO MOTORS S.A. ";"ADELANTO DE PDI"
"VARI OVALO";9BWJL45U0TP040997;"GRIS PIEDRA";2026-05-26;2026-05-20;1;"SAVEIRO EXTREME CD 1.6 MEC";"VW Pasajeros";"ZONA DE INGRESO";PENDIENTE;"EURO MOTORS S.A. ";"ADELANTO DE PDI"
"VARI OVALO";9BWJL45U8TP009514R;"PLATA SIRIUS";2026-05-26;2026-05-20;1;"SAVEIRO EXTREME CD 1.6 MEC";"VW Pasajeros";"ZONA DE INGRESO";PENDIENTE;"EURO MOTORS S.A. ";"ADELANTO DE PDI"
"VARI OVALO";9BWBH6BF6T4099321;"GRIS PLATINO";2026-05-25;2026-05-20;1;"T-CROSS COMFORTLINE 170 TSI MEC";"VW Pasajeros";"ZONA DE INGRESO";PENDIENTE;"MANNUCCI DIESEL S.A.C. ";"MANNUCCI DIESEL S.A.C."
"VARI OVALO";9BWBH6BF4T4099768;"GRIS PLATINO";2026-05-25;2026-05-20;1;"T-CROSS HIGHLINE 200 TSI TIP";"VW Pasajeros";"ZONA DE INGRESO";PENDIENTE;"EUROSHOP S.A. ";"EUROSHOP S.A. - VW Surquillo"
"VARI OVALO";9BWBH6DF4TT403555;"AZUL CRISTALINO";2026-05-25;2026-05-20;1;"TERA COMFORT 170 TSI 1.0L TIP";"VW Pasajeros";"ZONA DE INGRESO";PENDIENTE;"EUROSHOP S.A. ";"EUROSHOP S.A. - VW Surquillo"
"VARI OVALO";9BWBH6DF1TT327034RR;"AZUL MALIBU";2026-05-22;2026-05-15;6;"TERA HIGH 165 TSI 1.0L TIP";"VW Pasajeros";"ZONA DE INGRESO";PENDIENTE;"EURO MOTORS S.A. ";"ADELANTO PDI RPTS."
"VARI OVALO";3VVDP6RM5TM087564;"GRIS ASCOT";2026-05-25;2026-05-20;1;"TIGUAN LIFE 250TSI, 1.4L, 2WD";"VW Pasajeros";"ZONA DE INGRESO";PENDIENTE;"EUROSHOP S.A. ";"EUROSHOP S.A. - VW La Molina"
"VARI OVALO";3VVDP6RM6TM083667;"GRIS ASCOT";2026-05-25;2026-05-20;1;"TIGUAN LIFE 250TSI, 1.4L, 2WD";"VW Pasajeros";"ZONA DE INGRESO";PENDIENTE;"EUROSHOP S.A. ";"EUROSHOP S.A. - VW Mall Plaza Norte"
